# File: Hot_aq_density_v6.2.dat
# Creation time: 2023-04-17T17:23:48.000  +0200
#
# Based on marginalized debiasing from
# /home/petit/Research/OSSOS/data/Simulations/Bias-aq-i-H-v6.3-All_Surveys/Simulation-2023-04-14T16.30/All_Surveys_v12-free-cla_m.detections-full
#
# a_min = 40.0
# a_step = 0.1
# q_min = 34.5
# q_step = 0.1
#
# Bandwidth = 0.20
#
# Hcut =  8.7
#
#  a      q     dens
 40.01  34.51 0.000003
 40.01  34.61 0.000006
 40.01  34.71 0.000012
 40.01  34.81 0.000023
 40.01  34.91 0.000043
 40.01  35.01 0.000074
 40.01  35.11 0.000122
 40.01  35.21 0.000191
 40.01  35.31 0.000285
 40.01  35.41 0.000403
 40.01  35.51 0.000546
 40.01  35.61 0.000715
 40.01  35.71 0.000919
 40.01  35.81 0.001177
 40.01  35.91 0.001529
 40.01  36.01 0.002023
 40.01  36.11 0.002709
 40.01  36.21 0.003614
 40.01  36.31 0.004720
 40.01  36.41 0.005947
 40.01  36.51 0.007159
 40.01  36.61 0.008192
 40.01  36.71 0.008894
 40.01  36.81 0.009180
 40.01  36.91 0.009057
 40.01  37.01 0.008621
 40.01  37.11 0.008028
 40.01  37.21 0.007436
 40.01  37.31 0.006953
 40.01  37.41 0.006611
 40.01  37.51 0.006366
 40.01  37.61 0.006136
 40.01  37.71 0.005838
 40.01  37.81 0.005436
 40.01  37.91 0.004951
 40.01  38.01 0.004460
 40.01  38.11 0.004066
 40.01  38.21 0.003861
 40.01  38.31 0.003899
 40.01  38.41 0.004173
 40.01  38.51 0.004619
 40.01  38.61 0.005126
 40.01  38.71 0.005570
 40.01  38.81 0.005847
 40.01  38.91 0.005899
 40.01  39.01 0.005732
 40.01  39.11 0.005404
 40.01  39.21 0.005005
 40.01  39.31 0.004626
 40.01  39.41 0.004332
 40.01  39.51 0.004149
 40.01  39.61 0.004061
 40.01  39.71 0.004025
 40.01  39.81 0.003983
 40.01  39.91 0.003881
 40.11  34.51 0.000005
 40.11  34.61 0.000010
 40.11  34.71 0.000020
 40.11  34.81 0.000037
 40.11  34.91 0.000066
 40.11  35.01 0.000114
 40.11  35.11 0.000187
 40.11  35.21 0.000291
 40.11  35.31 0.000431
 40.11  35.41 0.000607
 40.11  35.51 0.000815
 40.11  35.61 0.001048
 40.11  35.71 0.001307
 40.11  35.81 0.001604
 40.11  35.91 0.001974
 40.11  36.01 0.002470
 40.11  36.11 0.003156
 40.11  36.21 0.004076
 40.11  36.31 0.005235
 40.11  36.41 0.006568
 40.11  36.51 0.007941
 40.11  36.61 0.009172
 40.11  36.71 0.010081
 40.11  36.81 0.010541
 40.11  36.91 0.010523
 40.11  37.01 0.010106
 40.11  37.11 0.009443
 40.11  37.21 0.008711
 40.11  37.31 0.008052
 40.11  37.41 0.007531
 40.11  37.51 0.007134
 40.11  37.61 0.006793
 40.11  37.71 0.006428
 40.11  37.81 0.005994
 40.11  37.91 0.005500
 40.11  38.01 0.005007
 40.11  38.11 0.004608
 40.11  38.21 0.004389
 40.11  38.31 0.004402
 40.11  38.41 0.004643
 40.11  38.51 0.005049
 40.11  38.61 0.005514
 40.11  38.71 0.005922
 40.11  38.81 0.006175
 40.11  38.91 0.006226
 40.11  39.01 0.006092
 40.11  39.11 0.005839
 40.11  39.21 0.005562
 40.11  39.31 0.005347
 40.11  39.41 0.005250
 40.11  39.51 0.005279
 40.11  39.61 0.005400
 40.11  39.71 0.005545
 40.11  39.81 0.005639
 40.11  39.91 0.005610
 40.11  40.01 0.005409
 40.21  34.51 0.000009
 40.21  34.61 0.000017
 40.21  34.71 0.000032
 40.21  34.81 0.000058
 40.21  34.91 0.000101
 40.21  35.01 0.000170
 40.21  35.11 0.000275
 40.21  35.21 0.000425
 40.21  35.31 0.000625
 40.21  35.41 0.000875
 40.21  35.51 0.001167
 40.21  35.61 0.001484
 40.21  35.71 0.001815
 40.21  35.81 0.002160
 40.21  35.91 0.002543
 40.21  36.01 0.003017
 40.21  36.11 0.003656
 40.21  36.21 0.004527
 40.21  36.31 0.005662
 40.21  36.41 0.007022
 40.21  36.51 0.008489
 40.21  36.61 0.009876
 40.21  36.71 0.010982
 40.21  36.81 0.011641
 40.21  36.91 0.011781
 40.21  37.01 0.011445
 40.21  37.11 0.010770
 40.21  37.21 0.009938
 40.21  37.31 0.009116
 40.21  37.41 0.008405
 40.21  37.51 0.007828
 40.21  37.61 0.007345
 40.21  37.71 0.006894
 40.21  37.81 0.006428
 40.21  37.91 0.005945
 40.21  38.01 0.005487
 40.21  38.11 0.005128
 40.21  38.21 0.004938
 40.21  38.31 0.004960
 40.21  38.41 0.005188
 40.21  38.51 0.005564
 40.21  38.61 0.005992
 40.21  38.71 0.006364
 40.21  38.81 0.006595
 40.21  38.91 0.006651
 40.21  39.01 0.006558
 40.21  39.11 0.006391
 40.21  39.21 0.006249
 40.21  39.31 0.006217
 40.21  39.41 0.006342
 40.21  39.51 0.006615
 40.21  39.61 0.006979
 40.21  39.71 0.007346
 40.21  39.81 0.007613
 40.21  39.91 0.007690
 40.21  40.01 0.007509
 40.21  40.11 0.007047
 40.31  34.51 0.000014
 40.31  34.61 0.000027
 40.31  34.71 0.000050
 40.31  34.81 0.000088
 40.31  34.91 0.000151
 40.31  35.01 0.000248
 40.31  35.11 0.000394
 40.31  35.21 0.000599
 40.31  35.31 0.000872
 40.31  35.41 0.001211
 40.31  35.51 0.001604
 40.31  35.61 0.002024
 40.31  35.71 0.002444
 40.31  35.81 0.002847
 40.31  35.91 0.003242
 40.31  36.01 0.003677
 40.31  36.11 0.004230
 40.31  36.21 0.004991
 40.31  36.31 0.006022
 40.31  36.41 0.007320
 40.31  36.51 0.008796
 40.31  36.61 0.010277
 40.31  36.71 0.011549
 40.31  36.81 0.012415
 40.31  36.91 0.012758
 40.31  37.01 0.012572
 40.31  37.11 0.011962
 40.31  37.21 0.011098
 40.31  37.31 0.010156
 40.31  37.41 0.009270
 40.31  37.51 0.008504
 40.31  37.61 0.007859
 40.31  37.71 0.007301
 40.31  37.81 0.006796
 40.31  37.91 0.006334
 40.31  38.01 0.005938
 40.31  38.11 0.005653
 40.31  38.21 0.005525
 40.31  38.31 0.005579
 40.31  38.41 0.005805
 40.31  38.51 0.006150
 40.31  38.61 0.006530
 40.31  38.71 0.006857
 40.31  38.81 0.007061
 40.31  38.91 0.007123
 40.31  39.01 0.007079
 40.31  39.11 0.007011
 40.31  39.21 0.007019
 40.31  39.31 0.007186
 40.31  39.41 0.007547
 40.31  39.51 0.008081
 40.31  39.61 0.008709
 40.31  39.71 0.009320
 40.31  39.81 0.009787
 40.31  39.91 0.009995
 40.31  40.01 0.009859
 40.31  40.11 0.009342
 40.31  40.21 0.008467
 40.41  34.51 0.000023
 40.41  34.61 0.000043
 40.41  34.71 0.000077
 40.41  34.81 0.000133
 40.41  34.91 0.000222
 40.41  35.01 0.000356
 40.41  35.11 0.000551
 40.41  35.21 0.000822
 40.41  35.31 0.001178
 40.41  35.41 0.001617
 40.41  35.51 0.002121
 40.41  35.61 0.002656
 40.41  35.71 0.003177
 40.41  35.81 0.003648
 40.41  35.91 0.004059
 40.41  36.01 0.004445
 40.41  36.11 0.004885
 40.41  36.21 0.005486
 40.41  36.31 0.006343
 40.41  36.41 0.007496
 40.41  36.51 0.008894
 40.41  36.61 0.010393
 40.41  36.71 0.011782
 40.41  36.81 0.012845
 40.41  36.91 0.013420
 40.41  37.01 0.013451
 40.41  37.11 0.012991
 40.41  37.21 0.012180
 40.41  37.31 0.011190
 40.41  37.41 0.010175
 40.41  37.51 0.009238
 40.41  37.61 0.008427
 40.41  37.71 0.007746
 40.41  37.81 0.007188
 40.41  37.91 0.006745
 40.41  38.01 0.006421
 40.41  38.11 0.006230
 40.41  38.21 0.006186
 40.41  38.31 0.006287
 40.41  38.41 0.006511
 40.41  38.51 0.006811
 40.41  38.61 0.007122
 40.41  38.71 0.007381
 40.41  38.81 0.007542
 40.41  38.91 0.007603
 40.41  39.01 0.007611
 40.41  39.11 0.007652
 40.41  39.21 0.007822
 40.41  39.31 0.008196
 40.41  39.41 0.008798
 40.41  39.51 0.009590
 40.41  39.61 0.010479
 40.41  39.71 0.011330
 40.41  39.81 0.011999
 40.41  39.91 0.012346
 40.41  40.01 0.012270
 40.41  40.11 0.011719
 40.41  40.21 0.010712
 40.41  40.31 0.009335
 40.51  34.51 0.000035
 40.51  34.61 0.000065
 40.51  34.71 0.000116
 40.51  34.81 0.000198
 40.51  34.91 0.000322
 40.51  35.01 0.000504
 40.51  35.11 0.000761
 40.51  35.21 0.001108
 40.51  35.31 0.001555
 40.51  35.41 0.002099
 40.51  35.51 0.002717
 40.51  35.61 0.003368
 40.51  35.71 0.003991
 40.51  35.81 0.004533
 40.51  35.91 0.004961
 40.51  36.01 0.005294
 40.51  36.11 0.005608
 40.51  36.21 0.006019
 40.51  36.31 0.006654
 40.51  36.41 0.007594
 40.51  36.51 0.008838
 40.51  36.61 0.010279
 40.51  36.71 0.011728
 40.51  36.81 0.012960
 40.51  36.91 0.013780
 40.51  37.01 0.014077
 40.51  37.11 0.013848
 40.51  37.21 0.013186
 40.51  37.31 0.012237
 40.51  37.41 0.011162
 40.51  37.51 0.010095
 40.51  37.61 0.009129
 40.51  37.71 0.008320
 40.51  37.81 0.007694
 40.51  37.91 0.007256
 40.51  38.01 0.007001
 40.51  38.11 0.006912
 40.51  38.21 0.006961
 40.51  38.31 0.007116
 40.51  38.41 0.007334
 40.51  38.51 0.007574
 40.51  38.61 0.007791
 40.51  38.71 0.007952
 40.51  38.81 0.008046
 40.51  38.91 0.008093
 40.51  39.01 0.008151
 40.51  39.11 0.008305
 40.51  39.21 0.008641
 40.51  39.31 0.009219
 40.51  39.41 0.010049
 40.51  39.51 0.011077
 40.51  39.61 0.012194
 40.51  39.71 0.013252
 40.51  39.81 0.014091
 40.51  39.91 0.014560
 40.51  40.01 0.014540
 40.51  40.11 0.013969
 40.51  40.21 0.012859
 40.51  40.31 0.011300
 40.51  40.41 0.009446
 40.61  34.51 0.000053
 40.61  34.61 0.000098
 40.61  34.71 0.000172
 40.61  34.81 0.000289
 40.61  34.91 0.000461
 40.61  35.01 0.000707
 40.61  35.11 0.001041
 40.61  35.21 0.001477
 40.61  35.31 0.002022
 40.61  35.41 0.002670
 40.61  35.51 0.003397
 40.61  35.61 0.004151
 40.61  35.71 0.004864
 40.61  35.81 0.005466
 40.61  35.91 0.005906
 40.61  36.01 0.006186
 40.61  36.11 0.006371
 40.61  36.21 0.006583
 40.61  36.31 0.006972
 40.61  36.41 0.007659
 40.61  36.51 0.008693
 40.61  36.61 0.010015
 40.61  36.71 0.011467
 40.61  36.81 0.012831
 40.61  36.91 0.013890
 40.61  37.01 0.014485
 40.61  37.11 0.014552
 40.61  37.21 0.014124
 40.61  37.31 0.013309
 40.61  37.41 0.012254
 40.61  37.51 0.011113
 40.61  37.61 0.010022
 40.61  37.71 0.009085
 40.61  37.81 0.008375
 40.61  37.91 0.007923
 40.61  38.01 0.007722
 40.61  38.11 0.007727
 40.61  38.21 0.007874
 40.61  38.31 0.008088
 40.61  38.41 0.008303
 40.61  38.51 0.008476
 40.61  38.61 0.008582
 40.61  38.71 0.008624
 40.61  38.81 0.008629
 40.61  38.91 0.008646
 40.61  39.01 0.008746
 40.61  39.11 0.009010
 40.61  39.21 0.009507
 40.61  39.31 0.010278
 40.61  39.41 0.011308
 40.61  39.51 0.012527
 40.61  39.61 0.013814
 40.61  39.71 0.015014
 40.61  39.81 0.015960
 40.61  39.91 0.016499
 40.61  40.01 0.016506
 40.61  40.11 0.015914
 40.61  40.21 0.014727
 40.61  40.31 0.013032
 40.61  40.41 0.010991
 40.61  40.51 0.008808
 40.71  34.51 0.000076
 40.71  34.61 0.000140
 40.71  34.71 0.000247
 40.71  34.81 0.000410
 40.71  34.91 0.000648
 40.71  35.01 0.000976
 40.71  35.11 0.001407
 40.71  35.21 0.001950
 40.71  35.31 0.002604
 40.71  35.41 0.003357
 40.71  35.51 0.004177
 40.71  35.61 0.005012
 40.71  35.71 0.005788
 40.71  35.81 0.006425
 40.71  35.91 0.006861
 40.71  36.01 0.007082
 40.71  36.11 0.007141
 40.71  36.21 0.007161
 40.71  36.31 0.007305
 40.71  36.41 0.007729
 40.71  36.51 0.008526
 40.71  36.61 0.009689
 40.71  36.71 0.011100
 40.71  36.81 0.012559
 40.71  36.91 0.013840
 40.71  37.01 0.014744
 40.71  37.11 0.015147
 40.71  37.21 0.015020
 40.71  37.31 0.014417
 40.71  37.41 0.013460
 40.71  37.51 0.012304
 40.71  37.61 0.011120
 40.71  37.71 0.010063
 40.71  37.81 0.009253
 40.71  37.91 0.008760
 40.71  38.01 0.008585
 40.71  38.11 0.008670
 40.71  38.21 0.008911
 40.71  38.31 0.009194
 40.71  38.41 0.009421
 40.71  38.51 0.009538
 40.71  38.61 0.009539
 40.71  38.71 0.009459
 40.71  38.81 0.009367
 40.71  38.91 0.009345
 40.71  39.01 0.009480
 40.71  39.11 0.009847
 40.71  39.21 0.010496
 40.71  39.31 0.011435
 40.71  39.41 0.012626
 40.71  39.51 0.013978
 40.71  39.61 0.015359
 40.71  39.71 0.016614
 40.71  39.81 0.017582
 40.71  39.91 0.018115
 40.71  40.01 0.018096
 40.71  40.11 0.017460
 40.71  40.21 0.016209
 40.71  40.31 0.014426
 40.71  40.41 0.012264
 40.71  40.51 0.009930
 40.71  40.61 0.007638
 40.81  34.51 0.000104
 40.81  34.61 0.000194
 40.81  34.71 0.000341
 40.81  34.81 0.000565
 40.81  34.91 0.000887
 40.81  35.01 0.001321
 40.81  35.11 0.001876
 40.81  35.21 0.002549
 40.81  35.31 0.003327
 40.81  35.41 0.004187
 40.81  35.51 0.005089
 40.81  35.61 0.005976
 40.81  35.71 0.006775
 40.81  35.81 0.007409
 40.81  35.91 0.007810
 40.81  36.01 0.007957
 40.81  36.11 0.007893
 40.81  36.21 0.007735
 40.81  36.31 0.007654
 40.81  36.41 0.007830
 40.81  36.51 0.008395
 40.81  36.61 0.009387
 40.81  36.71 0.010734
 40.81  36.81 0.012261
 40.81  36.91 0.013743
 40.81  37.01 0.014950
 40.81  37.11 0.015708
 40.81  37.21 0.015920
 40.81  37.31 0.015583
 40.81  37.41 0.014780
 40.81  37.51 0.013660
 40.81  37.61 0.012412
 40.81  37.71 0.011237
 40.81  37.81 0.010310
 40.81  37.91 0.009741
 40.81  38.01 0.009557
 40.81  38.11 0.009694
 40.81  38.21 0.010021
 40.81  38.31 0.010384
 40.81  38.41 0.010650
 40.81  38.51 0.010745
 40.81  38.61 0.010671
 40.81  38.71 0.010493
 40.81  38.81 0.010319
 40.81  38.91 0.010265
 40.81  39.01 0.010435
 40.81  39.11 0.010899
 40.81  39.21 0.011684
 40.81  39.31 0.012766
 40.81  39.41 0.014074
 40.81  39.51 0.015496
 40.81  39.61 0.016892
 40.81  39.71 0.018111
 40.81  39.81 0.019006
 40.81  39.91 0.019448
 40.81  40.01 0.019337
 40.81  40.11 0.018621
 40.81  40.21 0.017305
 40.81  40.31 0.015464
 40.81  40.41 0.013244
 40.81  40.51 0.010834
 40.81  40.61 0.008444
 40.81  40.71 0.006255
 40.91  34.51 0.000137
 40.91  34.61 0.000257
 40.91  34.71 0.000452
 40.91  34.81 0.000751
 40.91  34.91 0.001176
 40.91  35.01 0.001742
 40.91  35.11 0.002450
 40.91  35.21 0.003283
 40.91  35.31 0.004210
 40.91  35.41 0.005186
 40.91  35.51 0.006160
 40.91  35.61 0.007071
 40.91  35.71 0.007852
 40.91  35.81 0.008434
 40.91  35.91 0.008758
 40.91  36.01 0.008805
 40.91  36.11 0.008613
 40.91  36.21 0.008293
 40.91  36.31 0.008018
 40.91  36.41 0.007979
 40.91  36.51 0.008339
 40.91  36.61 0.009178
 40.91  36.71 0.010461
 40.91  36.81 0.012045
 40.91  36.91 0.013711
 40.91  37.01 0.015210
 40.91  37.11 0.016319
 40.91  37.21 0.016883
 40.91  37.31 0.016838
 40.91  37.41 0.016222
 40.91  37.51 0.015165
 40.91  37.61 0.013869
 40.91  37.71 0.012572
 40.91  37.81 0.011500
 40.91  37.91 0.010815
 40.91  38.01 0.010575
 40.91  38.11 0.010727
 40.91  38.21 0.011122
 40.91  38.31 0.011573
 40.91  38.41 0.011909
 40.91  38.51 0.012030
 40.91  38.61 0.011936
 40.91  38.71 0.011709
 40.91  38.81 0.011489
 40.91  38.91 0.011426
 40.91  39.01 0.011642
 40.91  39.11 0.012202
 40.91  39.21 0.013109
 40.91  39.31 0.014306
 40.91  39.41 0.015689
 40.91  39.51 0.017125
 40.91  39.61 0.018466
 40.91  39.71 0.019571
 40.91  39.81 0.020312
 40.91  39.91 0.020586
 40.91  40.01 0.020322
 40.91  40.11 0.019487
 40.91  40.21 0.018095
 40.91  40.31 0.016217
 40.91  40.41 0.013982
 40.91  40.51 0.011559
 40.91  40.61 0.009137
 40.91  40.71 0.006888
 40.91  40.81 0.004942
 41.01  34.51 0.000173
 41.01  34.61 0.000325
 41.01  34.71 0.000576
 41.01  34.81 0.000960
 41.01  34.91 0.001506
 41.01  35.01 0.002228
 41.01  35.11 0.003120
 41.01  35.21 0.004145
 41.01  35.31 0.005248
 41.01  35.41 0.006359
 41.01  35.51 0.007405
 41.01  35.61 0.008320
 41.01  35.71 0.009043
 41.01  35.81 0.009523
 41.01  35.91 0.009722
 41.01  36.01 0.009633
 41.01  36.11 0.009299
 41.01  36.21 0.008828
 41.01  36.31 0.008388
 41.01  36.41 0.008178
 41.01  36.51 0.008378
 41.01  36.61 0.009098
 41.01  36.71 0.010340
 41.01  36.81 0.011988
 41.01  36.91 0.013832
 41.01  37.01 0.015609
 41.01  37.11 0.017057
 41.01  37.21 0.017965
 41.01  37.31 0.018212
 41.01  37.41 0.017788
 41.01  37.51 0.016800
 41.01  37.61 0.015455
 41.01  37.71 0.014021
 41.01  37.81 0.012772
 41.01  37.91 0.011921
 41.01  38.01 0.011570
 41.01  38.11 0.011686
 41.01  38.21 0.012119
 41.01  38.31 0.012654
 41.01  38.41 0.013086
 41.01  38.51 0.013286
 41.01  38.61 0.013234
 41.01  38.71 0.013023
 41.01  38.81 0.012811
 41.01  38.91 0.012776
 41.01  39.01 0.013054
 41.01  39.11 0.013710
 41.01  39.21 0.014725
 41.01  39.31 0.016012
 41.01  39.41 0.017435
 41.01  39.51 0.018840
 41.01  39.61 0.020075
 41.01  39.71 0.021012
 41.01  39.81 0.021545
 41.01  39.91 0.021604
 41.01  40.01 0.021148
 41.01  40.11 0.020168
 41.01  40.21 0.018692
 41.01  40.31 0.016790
 41.01  40.41 0.014570
 41.01  40.51 0.012177
 41.01  40.61 0.009771
 41.01  40.71 0.007506
 41.01  40.81 0.005507
 41.01  40.91 0.003850
 41.11  34.51 0.000209
 41.11  34.61 0.000396
 41.11  34.71 0.000706
 41.11  34.81 0.001181
 41.11  34.91 0.001859
 41.11  35.01 0.002756
 41.11  35.11 0.003856
 41.11  35.21 0.005103
 41.11  35.31 0.006413
 41.11  35.41 0.007681
 41.11  35.51 0.008809
 41.11  35.61 0.009718
 41.11  35.71 0.010354
 41.11  35.81 0.010688
 41.11  35.91 0.010713
 41.11  36.01 0.010447
 41.11  36.11 0.009949
 41.11  36.21 0.009328
 41.11  36.31 0.008749
 41.11  36.41 0.008410
 41.11  36.51 0.008500
 41.11  36.61 0.009149
 41.11  36.71 0.010385
 41.11  36.81 0.012116
 41.11  36.91 0.014141
 41.11  37.01 0.016186
 41.11  37.11 0.017954
 41.11  37.21 0.019188
 41.11  37.31 0.019711
 41.11  37.41 0.019469
 41.11  37.51 0.018541
 41.11  37.61 0.017133
 41.11  37.71 0.015538
 41.11  37.81 0.014073
 41.11  37.91 0.013004
 41.11  38.01 0.012481
 41.11  38.11 0.012502
 41.11  38.21 0.012927
 41.11  38.31 0.013528
 41.11  38.41 0.014069
 41.11  38.51 0.014388
 41.11  38.61 0.014442
 41.11  38.71 0.014312
 41.11  38.81 0.014166
 41.11  38.91 0.014195
 41.11  39.01 0.014551
 41.11  39.11 0.015297
 41.11  39.21 0.016402
 41.11  39.31 0.017749
 41.11  39.41 0.019180
 41.11  39.51 0.020521
 41.11  39.61 0.021622
 41.11  39.71 0.022364
 41.11  39.81 0.022672
 41.11  39.91 0.022503
 41.11  40.01 0.021849
 41.11  40.11 0.020726
 41.11  40.21 0.019176
 41.11  40.31 0.017265
 41.11  40.41 0.015086
 41.11  40.51 0.012754
 41.11  40.61 0.010398
 41.11  40.71 0.008148
 41.11  40.81 0.006119
 41.11  40.91 0.004390
 41.11  41.01 0.003002
 41.21  34.51 0.000243
 41.21  34.61 0.000464
 41.21  34.71 0.000831
 41.21  34.81 0.001399
 41.21  34.91 0.002213
 41.21  35.01 0.003293
 41.21  35.11 0.004615
 41.21  35.21 0.006105
 41.21  35.31 0.007646
 41.21  35.41 0.009095
 41.21  35.51 0.010321
 41.21  35.61 0.011225
 41.21  35.71 0.011757
 41.21  35.81 0.011914
 41.21  35.91 0.011725
 41.21  36.01 0.011244
 41.21  36.11 0.010556
 41.21  36.21 0.009781
 41.21  36.31 0.009081
 41.21  36.41 0.008648
 41.21  36.51 0.008674
 41.21  36.61 0.009297
 41.21  36.71 0.010564
 41.21  36.81 0.012401
 41.21  36.91 0.014613
 41.21  37.01 0.016916
 41.21  37.11 0.018987
 41.21  37.21 0.020524
 41.21  37.31 0.021302
 41.21  37.41 0.021223
 41.21  37.51 0.020340
 41.21  37.61 0.018854
 41.21  37.71 0.017075
 41.21  37.81 0.015360
 41.21  37.91 0.014023
 41.21  38.01 0.013267
 41.21  38.11 0.013130
 41.21  38.21 0.013493
 41.21  38.31 0.014126
 41.21  38.41 0.014773
 41.21  38.51 0.015239
 41.21  38.61 0.015446
 41.21  38.71 0.015453
 41.21  38.81 0.015420
 41.21  38.91 0.015542
 41.21  39.01 0.015978
 41.21  39.11 0.016794
 41.21  39.21 0.017951
 41.21  39.31 0.019319
 41.21  39.41 0.020720
 41.21  39.51 0.021970
 41.21  39.61 0.022921
 41.21  39.71 0.023469
 41.21  39.81 0.023562
 41.21  39.91 0.023189
 41.21  40.01 0.022366
 41.21  40.11 0.021133
 41.21  40.21 0.019541
 41.21  40.31 0.017654
 41.21  40.41 0.015547
 41.21  40.51 0.013307
 41.21  40.61 0.011031
 41.21  40.71 0.008823
 41.21  40.81 0.006783
 41.21  40.91 0.004994
 41.21  41.01 0.003511
 41.21  41.11 0.002349
 41.31  34.51 0.000272
 41.31  34.61 0.000523
 41.31  34.71 0.000944
 41.31  34.81 0.001599
 41.31  34.91 0.002543
 41.31  35.01 0.003801
 41.31  35.11 0.005346
 41.31  35.21 0.007085
 41.31  35.31 0.008870
 41.31  35.41 0.010518
 41.31  35.51 0.011859
 41.31  35.61 0.012769
 41.31  35.71 0.013198
 41.31  35.81 0.013162
 41.31  35.91 0.012734
 41.31  36.01 0.012010
 41.31  36.11 0.011111
 41.31  36.21 0.010173
 41.31  36.31 0.009362
 41.31  36.41 0.008863
 41.31  36.51 0.008860
 41.31  36.61 0.009494
 41.31  36.71 0.010821
 41.31  36.81 0.012778
 41.31  36.91 0.015176
 41.31  37.01 0.017724
 41.31  37.11 0.020077
 41.31  37.21 0.021894
 41.31  37.31 0.022908
 41.31  37.41 0.022980
 41.31  37.51 0.022134
 41.31  37.61 0.020562
 41.31  37.71 0.018588
 41.31  37.81 0.016599
 41.31  37.91 0.014959
 41.31  38.01 0.013919
 41.31  38.11 0.013565
 41.31  38.21 0.013809
 41.31  38.31 0.014434
 41.31  38.41 0.015172
 41.31  38.51 0.015795
 41.31  38.61 0.016190
 41.31  38.71 0.016376
 41.31  38.81 0.016490
 41.31  38.91 0.016714
 41.31  39.01 0.017210
 41.31  39.11 0.018050
 41.31  39.21 0.019197
 41.31  39.31 0.020521
 41.31  39.41 0.021838
 41.31  39.51 0.022963
 41.31  39.61 0.023751
 41.31  39.71 0.024116
 41.31  39.81 0.024026
 41.31  39.91 0.023493
 41.31  40.01 0.022557
 41.31  40.11 0.021272
 41.31  40.21 0.019695
 41.31  40.31 0.017884
 41.31  40.41 0.015897
 41.31  40.51 0.013790
 41.31  40.61 0.011632
 41.31  40.71 0.009499
 41.31  40.81 0.007477
 41.31  40.91 0.005647
 41.31  41.01 0.004078
 41.31  41.11 0.002806
 41.31  41.21 0.001835
 41.41  34.51 0.000296
 41.41  34.61 0.000572
 41.41  34.71 0.001038
 41.41  34.81 0.001768
 41.41  34.91 0.002827
 41.41  35.01 0.004247
 41.41  35.11 0.006000
 41.41  35.21 0.007978
 41.41  35.31 0.010004
 41.41  35.41 0.011859
 41.41  35.51 0.013329
 41.41  35.61 0.014263
 41.41  35.71 0.014602
 41.41  35.81 0.014381
 41.41  35.91 0.013709
 41.41  36.01 0.012732
 41.41  36.11 0.011611
 41.41  36.21 0.010508
 41.41  36.31 0.009593
 41.41  36.41 0.009046
 41.41  36.51 0.009038
 41.41  36.61 0.009706
 41.41  36.71 0.011105
 41.41  36.81 0.013180
 41.41  36.91 0.015747
 41.41  37.01 0.018514
 41.41  37.11 0.021118
 41.41  37.21 0.023191
 41.41  37.31 0.024425
 41.41  37.41 0.024645
 41.41  37.51 0.023843
 41.41  37.61 0.022198
 41.41  37.71 0.020037
 41.41  37.81 0.017776
 41.41  37.91 0.015816
 41.41  38.01 0.014462
 41.41  38.11 0.013848
 41.41  38.21 0.013928
 41.41  38.31 0.014507
 41.41  38.41 0.015316
 41.41  38.51 0.016102
 41.41  38.61 0.016707
 41.41  38.71 0.017103
 41.41  38.81 0.017383
 41.41  38.91 0.017704
 41.41  39.01 0.018217
 41.41  39.11 0.019006
 41.41  39.21 0.020048
 41.41  39.31 0.021229
 41.41  39.41 0.022379
 41.41  39.51 0.023323
 41.41  39.61 0.023926
 41.41  39.71 0.024115
 41.41  39.81 0.023876
 41.41  39.91 0.023237
 41.41  40.01 0.022254
 41.41  40.11 0.020989
 41.41  40.21 0.019498
 41.41  40.31 0.017831
 41.41  40.41 0.016025
 41.41  40.51 0.014110
 41.41  40.61 0.012123
 41.41  40.71 0.010114
 41.41  40.81 0.008151
 41.41  40.91 0.006315
 41.41  41.01 0.004683
 41.41  41.11 0.003313
 41.41  41.21 0.002231
 41.41  41.31 0.001429
 41.51  34.51 0.000313
 41.51  34.61 0.000608
 41.51  34.71 0.001108
 41.51  34.81 0.001897
 41.51  34.91 0.003050
 41.51  35.01 0.004605
 41.51  35.11 0.006535
 41.51  35.21 0.008726
 41.51  35.31 0.010976
 41.51  35.41 0.013031
 41.51  35.51 0.014641
 41.51  35.61 0.015622
 41.51  35.71 0.015899
 41.51  35.81 0.015521
 41.51  35.91 0.014629
 41.51  36.01 0.013415
 41.51  36.11 0.012081
 41.51  36.21 0.010821
 41.51  36.31 0.009813
 41.51  36.41 0.009231
 41.51  36.51 0.009233
 41.51  36.61 0.009940
 41.51  36.71 0.011406
 41.51  36.81 0.013576
 41.51  36.91 0.016275
 41.51  37.01 0.019214
 41.51  37.11 0.022023
 41.51  37.21 0.024316
 41.51  37.31 0.025755
 41.51  37.41 0.026127
 41.51  37.51 0.025393
 41.51  37.61 0.023710
 41.51  37.71 0.021401
 41.51  37.81 0.018896
 41.51  37.91 0.016633
 41.51  38.01 0.014962
 41.51  38.11 0.014071
 41.51  38.21 0.013960
 41.51  38.31 0.014468
 41.51  38.41 0.015335
 41.51  38.51 0.016288
 41.51  38.61 0.017126
 41.51  38.71 0.017759
 41.51  38.81 0.018220
 41.51  38.91 0.018621
 41.51  39.01 0.019096
 41.51  39.11 0.019736
 41.51  39.21 0.020548
 41.51  39.31 0.021455
 41.51  39.41 0.022321
 41.51  39.51 0.022996
 41.51  39.61 0.023366
 41.51  39.71 0.023370
 41.51  39.81 0.023002
 41.51  39.91 0.022304
 41.51  40.01 0.021335
 41.51  40.11 0.020158
 41.51  40.21 0.018826
 41.51  40.31 0.017374
 41.51  40.41 0.015819
 41.51  40.51 0.014163
 41.51  40.61 0.012414
 41.51  40.71 0.010592
 41.51  40.81 0.008748
 41.51  40.91 0.006956
 41.51  41.01 0.005301
 41.51  41.11 0.003860
 41.51  41.21 0.002680
 41.51  41.31 0.001775
 41.51  41.41 0.001122
 41.61  34.51 0.000323
 41.61  34.61 0.000630
 41.61  34.71 0.001153
 41.61  34.81 0.001983
 41.61  34.91 0.003202
 41.61  35.01 0.004858
 41.61  35.11 0.006927
 41.61  35.21 0.009290
 41.61  35.31 0.011733
 41.61  35.41 0.013973
 41.61  35.51 0.015727
 41.61  35.61 0.016779
 41.61  35.71 0.017039
 41.61  35.81 0.016556
 41.61  35.91 0.015495
 41.61  36.01 0.014088
 41.61  36.11 0.012578
 41.61  36.21 0.011187
 41.61  36.31 0.010106
 41.61  36.41 0.009503
 41.61  36.51 0.009519
 41.61  36.61 0.010262
 41.61  36.71 0.011771
 41.61  36.81 0.013994
 41.61  36.91 0.016765
 41.61  37.01 0.019805
 41.61  37.11 0.022752
 41.61  37.21 0.025212
 41.61  37.31 0.026830
 41.61  37.41 0.027361
 41.61  37.51 0.026730
 41.61  37.61 0.025065
 41.61  37.71 0.022673
 41.61  37.81 0.019989
 41.61  37.91 0.017475
 41.61  38.01 0.015520
 41.61  38.11 0.014366
 41.61  38.21 0.014066
 41.61  38.31 0.014498
 41.61  38.41 0.015421
 41.61  38.51 0.016553
 41.61  38.61 0.017647
 41.61  38.71 0.018546
 41.61  38.81 0.019205
 41.61  38.91 0.019674
 41.61  39.01 0.020055
 41.61  39.11 0.020444
 41.61  39.21 0.020887
 41.61  39.31 0.021365
 41.61  39.41 0.021798
 41.61  39.51 0.022086
 41.61  39.61 0.022143
 41.61  39.71 0.021922
 41.61  39.81 0.021425
 41.61  39.91 0.020691
 41.61  40.01 0.019778
 41.61  40.11 0.018743
 41.61  40.21 0.017628
 41.61  40.31 0.016452
 41.61  40.41 0.015211
 41.61  40.51 0.013880
 41.61  40.61 0.012436
 41.61  40.71 0.010872
 41.61  40.81 0.009216
 41.61  40.91 0.007532
 41.61  41.01 0.005909
 41.61  41.11 0.004437
 41.61  41.21 0.003185
 41.61  41.31 0.002188
 41.61  41.41 0.001443
 41.61  41.51 0.000918
 41.71  34.51 0.000326
 41.71  34.61 0.000638
 41.71  34.71 0.001173
 41.71  34.81 0.002024
 41.71  34.91 0.003282
 41.71  35.01 0.005002
 41.71  35.11 0.007165
 41.71  35.21 0.009655
 41.71  35.31 0.012248
 41.71  35.41 0.014648
 41.71  35.51 0.016546
 41.71  35.61 0.017699
 41.71  35.71 0.017995
 41.71  35.81 0.017479
 41.71  35.91 0.016330
 41.71  36.01 0.014806
 41.71  36.11 0.013182
 41.71  36.21 0.011708
 41.71  36.31 0.010586
 41.71  36.41 0.009980
 41.71  36.51 0.010016
 41.71  36.61 0.010779
 41.71  36.71 0.012298
 41.71  36.81 0.014518
 41.71  36.91 0.017282
 41.71  37.01 0.020332
 41.71  37.11 0.023325
 41.71  37.21 0.025878
 41.71  37.31 0.027630
 41.71  37.41 0.028315
 41.71  37.51 0.027824
 41.71  37.61 0.026246
 41.71  37.71 0.023864
 41.71  37.81 0.021098
 41.71  37.91 0.018421
 41.71  38.01 0.016258
 41.71  38.11 0.014894
 41.71  38.21 0.014435
 41.71  38.31 0.014808
 41.71  38.41 0.015799
 41.71  38.51 0.017124
 41.71  38.61 0.018496
 41.71  38.71 0.019688
 41.71  38.81 0.020567
 41.71  38.91 0.021103
 41.71  39.01 0.021351
 41.71  39.11 0.021403
 41.71  39.21 0.021349
 41.71  39.31 0.021241
 41.71  39.41 0.021082
 41.71  39.51 0.020841
 41.71  39.61 0.020476
 41.71  39.71 0.019963
 41.71  39.81 0.019304
 41.71  39.91 0.018531
 41.71  40.01 0.017688
 41.71  40.11 0.016821
 41.71  40.21 0.015956
 41.71  40.31 0.015095
 41.71  40.41 0.014210
 41.71  40.51 0.013253
 41.71  40.61 0.012171
 41.71  40.71 0.010928
 41.71  40.81 0.009528
 41.71  40.91 0.008019
 41.71  41.01 0.006490
 41.71  41.11 0.005039
 41.71  41.21 0.003754
 41.71  41.31 0.002688
 41.71  41.41 0.001858
 41.71  41.51 0.001247
 41.71  41.61 0.000820
 41.81  34.51 0.000324
 41.81  34.61 0.000635
 41.81  34.71 0.001170
 41.81  34.81 0.002026
 41.81  34.91 0.003296
 41.81  35.01 0.005042
 41.81  35.11 0.007254
 41.81  35.21 0.009820
 41.81  35.31 0.012521
 41.81  35.41 0.015051
 41.81  35.51 0.017089
 41.81  35.61 0.018370
 41.81  35.71 0.018764
 41.81  35.81 0.018303
 41.81  35.91 0.017165
 41.81  36.01 0.015623
 41.81  36.11 0.013973
 41.81  36.21 0.012483
 41.81  36.31 0.011367
 41.81  36.41 0.010783
 41.81  36.51 0.010843
 41.81  36.61 0.011612
 41.81  36.71 0.013102
 41.81  36.81 0.015254
 41.81  36.91 0.017924
 41.81  37.01 0.020878
 41.81  37.11 0.023806
 41.81  37.21 0.026353
 41.81  37.31 0.028172
 41.81  37.41 0.028988
 41.81  37.51 0.028664
 41.81  37.61 0.027248
 41.81  37.71 0.024982
 41.81  37.81 0.022260
 41.81  37.91 0.019551
 41.81  38.01 0.017292
 41.81  38.11 0.015809
 41.81  38.21 0.015254
 41.81  38.31 0.015604
 41.81  38.41 0.016680
 41.81  38.51 0.018207
 41.81  38.61 0.019867
 41.81  38.71 0.021367
 41.81  38.81 0.022485
 41.81  38.91 0.023099
 41.81  39.01 0.023200
 41.81  39.11 0.022865
 41.81  39.21 0.022222
 41.81  39.31 0.021403
 41.81  39.41 0.020509
 41.81  39.51 0.019597
 41.81  39.61 0.018689
 41.81  39.71 0.017791
 41.81  39.81 0.016911
 41.81  39.91 0.016066
 41.81  40.01 0.015281
 41.81  40.11 0.014578
 41.81  40.21 0.013965
 41.81  40.31 0.013424
 41.81  40.41 0.012908
 41.81  40.51 0.012345
 41.81  40.61 0.011654
 41.81  40.71 0.010773
 41.81  40.81 0.009682
 41.81  40.91 0.008413
 41.81  41.01 0.007042
 41.81  41.11 0.005671
 41.81  41.21 0.004399
 41.81  41.31 0.003297
 41.81  41.41 0.002399
 41.81  41.51 0.001704
 41.81  41.61 0.001192
 41.81  41.71 0.000827
 41.91  34.51 0.000317
 41.91  34.61 0.000622
 41.91  34.71 0.001148
 41.91  34.81 0.001992
 41.91  34.91 0.003251
 41.91  35.01 0.004990
 41.91  35.11 0.007208
 41.91  35.21 0.009804
 41.91  35.31 0.012566
 41.91  35.41 0.015196
 41.91  35.51 0.017366
 41.91  35.61 0.018801
 41.91  35.71 0.019353
 41.91  35.81 0.019036
 41.91  35.91 0.018018
 41.91  36.01 0.016569
 41.91  36.11 0.014994
 41.91  36.21 0.013569
 41.91  36.31 0.012514
 41.91  36.41 0.011983
 41.91  36.51 0.012075
 41.91  36.61 0.012835
 41.91  36.71 0.014260
 41.91  36.81 0.016283
 41.91  36.91 0.018771
 41.91  37.01 0.021520
 41.91  37.11 0.024263
 41.91  37.21 0.026691
 41.91  37.31 0.028490
 41.91  37.41 0.029395
 41.91  37.51 0.029250
 41.91  37.61 0.028065
 41.91  37.71 0.026032
 41.91  37.81 0.023502
 41.91  37.91 0.020916
 41.91  38.01 0.018712
 41.91  38.11 0.017234
 41.91  38.21 0.016673
 41.91  38.31 0.017049
 41.91  38.41 0.018225
 41.91  38.51 0.019944
 41.91  38.61 0.021874
 41.91  38.71 0.023670
 41.91  38.81 0.025026
 41.91  38.91 0.025730
 41.91  39.01 0.025696
 41.91  39.11 0.024970
 41.91  39.21 0.023705
 41.91  39.31 0.022107
 41.91  39.41 0.020380
 41.91  39.51 0.018686
 41.91  39.61 0.017126
 41.91  39.71 0.015749
 41.91  39.81 0.014573
 41.91  39.91 0.013601
 41.91  40.01 0.012833
 41.91  40.11 0.012263
 41.91  40.21 0.011874
 41.91  40.31 0.011629
 41.91  40.41 0.011458
 41.91  40.51 0.011272
 41.91  40.61 0.010968
 41.91  40.71 0.010462
 41.91  40.81 0.009711
 41.91  40.91 0.008726
 41.91  41.01 0.007572
 41.91  41.11 0.006343
 41.91  41.21 0.005141
 41.91  41.31 0.004045
 41.91  41.41 0.003104
 41.91  41.51 0.002335
 41.91  41.61 0.001732
 41.91  41.71 0.001276
 41.91  41.81 0.000942
 42.01  34.51 0.000306
 42.01  34.61 0.000601
 42.01  34.71 0.001110
 42.01  34.81 0.001930
 42.01  34.91 0.003156
 42.01  35.01 0.004860
 42.01  35.11 0.007046
 42.01  35.21 0.009629
 42.01  35.31 0.012410
 42.01  35.41 0.015105
 42.01  35.51 0.017395
 42.01  35.61 0.019002
 42.01  35.71 0.019761
 42.01  35.81 0.019669
 42.01  35.91 0.018871
 42.01  36.01 0.017624
 42.01  36.11 0.016223
 42.01  36.21 0.014945
 42.01  36.31 0.014007
 42.01  36.41 0.013560
 42.01  36.51 0.013691
 42.01  36.61 0.014430
 42.01  36.71 0.015757
 42.01  36.81 0.017599
 42.01  36.91 0.019832
 42.01  37.01 0.022282
 42.01  37.11 0.024731
 42.01  37.21 0.026930
 42.01  37.31 0.028616
 42.01  37.41 0.029555
 42.01  37.51 0.029590
 42.01  37.61 0.028695
 42.01  37.71 0.027009
 42.01  37.81 0.024826
 42.01  37.91 0.022539
 42.01  38.01 0.020561
 42.01  38.11 0.019234
 42.01  38.21 0.018772
 42.01  38.31 0.019231
 42.01  38.41 0.020511
 42.01  38.51 0.022383
 42.01  38.61 0.024524
 42.01  38.71 0.026557
 42.01  38.81 0.028116
 42.01  38.91 0.028905
 42.01  39.01 0.028761
 42.01  39.11 0.027684
 42.01  39.21 0.025830
 42.01  39.31 0.023463
 42.01  39.41 0.020883
 42.01  39.51 0.018356
 42.01  39.61 0.016074
 42.01  39.71 0.014143
 42.01  39.81 0.012599
 42.01  39.91 0.011437
 42.01  40.01 0.010629
 42.01  40.11 0.010139
 42.01  40.21 0.009924
 42.01  40.31 0.009920
 42.01  40.41 0.010043
 42.01  40.51 0.010185
 42.01  40.61 0.010230
 42.01  40.71 0.010079
 42.01  40.81 0.009670
 42.01  40.91 0.008996
 42.01  41.01 0.008104
 42.01  41.11 0.007076
 42.01  41.21 0.006002
 42.01  41.31 0.004963
 42.01  41.41 0.004015
 42.01  41.51 0.003189
 42.01  41.61 0.002497
 42.01  41.71 0.001939
 42.01  41.81 0.001505
 42.01  41.91 0.001179
 42.11  34.51 0.000290
 42.11  34.61 0.000571
 42.11  34.71 0.001057
 42.11  34.81 0.001841
 42.11  34.91 0.003018
 42.11  35.01 0.004661
 42.11  35.11 0.006784
 42.11  35.21 0.009314
 42.11  35.31 0.012074
 42.11  35.41 0.014801
 42.11  35.51 0.017192
 42.11  35.61 0.018972
 42.11  35.71 0.019972
 42.11  35.81 0.020163
 42.11  35.91 0.019665
 42.11  36.01 0.018706
 42.11  36.11 0.017563
 42.11  36.21 0.016497
 42.11  36.31 0.015722
 42.11  36.41 0.015381
 42.11  36.51 0.015554
 42.11  36.61 0.016260
 42.11  36.71 0.017465
 42.11  36.81 0.019089
 42.11  36.91 0.021016
 42.11  37.01 0.023100
 42.11  37.11 0.025176
 42.11  37.21 0.027061
 42.11  37.31 0.028559
 42.11  37.41 0.029485
 42.11  37.51 0.029695
 42.11  37.61 0.029142
 42.11  37.71 0.027909
 42.11  37.81 0.026220
 42.11  37.91 0.024405
 42.11  38.01 0.022826
 42.11  38.11 0.021803
 42.11  38.21 0.021548
 42.11  38.31 0.022139
 42.11  38.41 0.023510
 42.11  38.51 0.025469
 42.11  38.61 0.027715
 42.11  38.71 0.029876
 42.11  38.81 0.031552
 42.11  38.91 0.032390
 42.11  39.01 0.032155
 42.11  39.11 0.030795
 42.11  39.21 0.028446
 42.11  39.31 0.025404
 42.11  39.41 0.022038
 42.11  39.51 0.018711
 42.11  39.61 0.015704
 42.11  39.71 0.013187
 42.11  39.81 0.011228
 42.11  39.91 0.009819
 42.11  40.01 0.008912
 42.11  40.11 0.008441
 42.11  40.21 0.008333
 42.11  40.31 0.008501
 42.11  40.41 0.008844
 42.11  40.51 0.009243
 42.11  40.61 0.009574
 42.11  40.71 0.009729
 42.11  40.81 0.009638
 42.11  40.91 0.009279
 42.11  41.01 0.008678
 42.11  41.11 0.007898
 42.11  41.21 0.007010
 42.11  41.31 0.006083
 42.11  41.41 0.005171
 42.11  41.51 0.004314
 42.11  41.61 0.003542
 42.11  41.71 0.002877
 42.11  41.81 0.002329
 42.11  41.91 0.001899
 42.11  42.01 0.001569
 42.21  34.51 0.000271
 42.21  34.61 0.000534
 42.21  34.71 0.000991
 42.21  34.81 0.001729
 42.21  34.91 0.002841
 42.21  35.01 0.004402
 42.21  35.11 0.006432
 42.21  35.21 0.008874
 42.21  35.31 0.011574
 42.21  35.41 0.014295
 42.21  35.51 0.016758
 42.21  35.61 0.018701
 42.21  35.71 0.019948
 42.21  35.81 0.020452
 42.21  35.91 0.020301
 42.21  36.01 0.019686
 42.21  36.11 0.018852
 42.21  36.21 0.018040
 42.21  36.31 0.017451
 42.21  36.41 0.017224
 42.21  36.51 0.017431
 42.21  36.61 0.018087
 42.21  36.71 0.019149
 42.21  36.81 0.020534
 42.21  36.91 0.022132
 42.21  37.01 0.023824
 42.21  37.11 0.025493
 42.21  37.21 0.027025
 42.21  37.31 0.028299
 42.21  37.41 0.029189
 42.21  37.51 0.029582
 42.21  37.61 0.029417
 42.21  37.71 0.028727
 42.21  37.81 0.027662
 42.21  37.91 0.026470
 42.21  38.01 0.025443
 42.21  38.11 0.024856
 42.21  38.21 0.024901
 42.21  38.31 0.025659
 42.21  38.41 0.027091
 42.21  38.51 0.029042
 42.21  38.61 0.031255
 42.21  38.71 0.033388
 42.21  38.81 0.035047
 42.21  38.91 0.035856
 42.21  39.01 0.035532
 42.21  39.11 0.033967
 42.21  39.21 0.031259
 42.21  39.31 0.027702
 42.21  39.41 0.023706
 42.21  39.51 0.019701
 42.21  39.61 0.016047
 42.21  39.71 0.012978
 42.21  39.81 0.010599
 42.21  39.91 0.008912
 42.21  40.01 0.007857
 42.21  40.11 0.007343
 42.21  40.21 0.007271
 42.21  40.31 0.007534
 42.21  40.41 0.008015
 42.21  40.51 0.008588
 42.21  40.61 0.009128
 42.21  40.71 0.009526
 42.21  40.81 0.009708
 42.21  40.91 0.009645
 42.21  41.01 0.009347
 42.21  41.11 0.008848
 42.21  41.21 0.008196
 42.21  41.31 0.007433
 42.21  41.41 0.006603
 42.21  41.51 0.005747
 42.21  41.61 0.004911
 42.21  41.71 0.004143
 42.21  41.81 0.003477
 42.21  41.91 0.002931
 42.21  42.01 0.002499
 42.21  42.11 0.002153
 42.31  34.51 0.000248
 42.31  34.61 0.000490
 42.31  34.71 0.000911
 42.31  34.81 0.001593
 42.31  34.91 0.002627
 42.31  35.01 0.004084
 42.31  35.11 0.005994
 42.31  35.21 0.008314
 42.31  35.31 0.010915
 42.31  35.41 0.013590
 42.31  35.51 0.016087
 42.31  35.61 0.018163
 42.31  35.71 0.019643
 42.31  35.81 0.020461
 42.31  35.91 0.020668
 42.31  36.01 0.020416
 42.31  36.11 0.019910
 42.31  36.21 0.019363
 42.31  36.31 0.018958
 42.31  36.41 0.018827
 42.31  36.51 0.019045
 42.31  36.61 0.019623
 42.31  36.71 0.020521
 42.31  36.81 0.021658
 42.31  36.91 0.022930
 42.31  37.01 0.024243
 42.31  37.11 0.025524
 42.31  37.21 0.026720
 42.31  37.31 0.027785
 42.31  37.41 0.028658
 42.31  37.51 0.029262
 42.31  37.61 0.029534
 42.31  37.71 0.029461
 42.31  37.81 0.029115
 42.31  37.91 0.028654
 42.31  38.01 0.028290
 42.31  38.11 0.028233
 42.31  38.21 0.028639
 42.31  38.31 0.029577
 42.31  38.41 0.031023
 42.31  38.51 0.032860
 42.31  38.61 0.034885
 42.31  38.71 0.036811
 42.31  38.81 0.038290
 42.31  38.91 0.038960
 42.31  39.01 0.038521
 42.31  39.11 0.036819
 42.31  39.21 0.033906
 42.31  39.31 0.030042
 42.31  39.41 0.025639
 42.31  39.51 0.021160
 42.31  39.61 0.017016
 42.31  39.71 0.013499
 42.31  39.81 0.010751
 42.31  39.91 0.008793
 42.31  40.01 0.007563
 42.31  40.11 0.006956
 42.31  40.21 0.006855
 42.31  40.31 0.007137
 42.31  40.41 0.007674
 42.31  40.51 0.008339
 42.31  40.61 0.009007
 42.31  40.71 0.009576
 42.31  40.81 0.009977
 42.31  40.91 0.010177
 42.31  41.01 0.010171
 42.31  41.11 0.009970
 42.31  41.21 0.009586
 42.31  41.31 0.009031
 42.31  41.41 0.008325
 42.31  41.51 0.007506
 42.31  41.61 0.006631
 42.31  41.71 0.005771
 42.31  41.81 0.004991
 42.31  41.91 0.004329
 42.31  42.01 0.003787
 42.31  42.11 0.003339
 42.31  42.21 0.002939
 42.41  34.51 0.000221
 42.41  34.61 0.000438
 42.41  34.71 0.000817
 42.41  34.81 0.001436
 42.41  34.91 0.002377
 42.41  35.01 0.003712
 42.41  35.11 0.005475
 42.41  35.21 0.007640
 42.41  35.31 0.010103
 42.41  35.41 0.012688
 42.41  35.51 0.015176
 42.41  35.61 0.017344
 42.41  35.71 0.019023
 42.41  35.81 0.020129
 42.41  35.91 0.020680
 42.41  36.01 0.020780
 42.41  36.11 0.020591
 42.41  36.21 0.020291
 42.41  36.31 0.020043
 42.41  36.41 0.019973
 42.41  36.51 0.020158
 42.41  36.61 0.020621
 42.41  36.71 0.021329
 42.41  36.81 0.022210
 42.41  36.91 0.023177
 42.41  37.01 0.024155
 42.41  37.11 0.025108
 42.41  37.21 0.026038
 42.41  37.31 0.026960
 42.41  37.41 0.027873
 42.41  37.51 0.028739
 42.41  37.61 0.029496
 42.41  37.71 0.030089
 42.41  37.81 0.030516
 42.41  37.91 0.030844
 42.41  38.01 0.031194
 42.41  38.11 0.031706
 42.41  38.21 0.032488
 42.41  38.31 0.033591
 42.41  38.41 0.034994
 42.41  38.51 0.036616
 42.41  38.61 0.038308
 42.41  38.71 0.039860
 42.41  38.81 0.040995
 42.41  38.91 0.041405
 42.41  39.01 0.040805
 42.41  39.11 0.039019
 42.41  39.21 0.036048
 42.41  39.31 0.032099
 42.41  39.41 0.027549
 42.41  39.51 0.022855
 42.41  39.61 0.018448
 42.41  39.71 0.014651
 42.41  39.81 0.011644
 42.41  39.91 0.009466
 42.41  40.01 0.008064
 42.41  40.11 0.007333
 42.41  40.21 0.007148
 42.41  40.31 0.007380
 42.41  40.41 0.007900
 42.41  40.51 0.008580
 42.41  40.61 0.009301
 42.41  40.71 0.009973
 42.41  40.81 0.010533
 42.41  40.91 0.010952
 42.41  41.01 0.011213
 42.41  41.11 0.011304
 42.41  41.21 0.011202
 42.41  41.31 0.010881
 42.41  41.41 0.010334
 42.41  41.51 0.009584
 42.41  41.61 0.008697
 42.41  41.71 0.007766
 42.41  41.81 0.006884
 42.41  41.91 0.006112
 42.41  42.01 0.005464
 42.41  42.11 0.004910
 42.41  42.21 0.004395
 42.41  42.31 0.003868
 42.51  34.51 0.000191
 42.51  34.61 0.000380
 42.51  34.71 0.000713
 42.51  34.81 0.001259
 42.51  34.91 0.002095
 42.51  35.01 0.003290
 42.51  35.11 0.004884
 42.51  35.21 0.006865
 42.51  35.31 0.009153
 42.51  35.41 0.011607
 42.51  35.51 0.014039
 42.51  35.61 0.016254
 42.51  35.71 0.018089
 42.51  35.81 0.019446
 42.51  35.91 0.020307
 42.51  36.01 0.020732
 42.51  36.11 0.020832
 42.51  36.21 0.020746
 42.51  36.31 0.020613
 42.51  36.41 0.020555
 42.51  36.51 0.020654
 42.51  36.61 0.020951
 42.51  36.71 0.021434
 42.51  36.81 0.022051
 42.51  36.91 0.022735
 42.51  37.01 0.023436
 42.51  37.11 0.024146
 42.51  37.21 0.024907
 42.51  37.31 0.025783
 42.51  37.41 0.026818
 42.51  37.51 0.028007
 42.51  37.61 0.029286
 42.51  37.71 0.030566
 42.51  37.81 0.031772
 42.51  37.91 0.032882
 42.51  38.01 0.033933
 42.51  38.11 0.034991
 42.51  38.21 0.036119
 42.51  38.31 0.037343
 42.51  38.41 0.038646
 42.51  38.51 0.039970
 42.51  38.61 0.041225
 42.51  38.71 0.042276
 42.51  38.81 0.042938
 42.51  38.91 0.042983
 42.51  39.01 0.042174
 42.51  39.11 0.040337
 42.51  39.21 0.037434
 42.51  39.31 0.033609
 42.51  39.41 0.029176
 42.51  39.51 0.024548
 42.51  39.61 0.020140
 42.51  39.71 0.016284
 42.51  39.81 0.013175
 42.51  39.91 0.010874
 42.51  40.01 0.009340
 42.51  40.11 0.008479
 42.51  40.21 0.008174
 42.51  40.31 0.008302
 42.51  40.41 0.008740
 42.51  40.51 0.009367
 42.51  40.61 0.010078
 42.51  40.71 0.010791
 42.51  40.81 0.011454
 42.51  40.91 0.012041
 42.51  41.01 0.012531
 42.51  41.11 0.012889
 42.51  41.21 0.013059
 42.51  41.31 0.012979
 42.51  41.41 0.012607
 42.51  41.51 0.011951
 42.51  41.61 0.011076
 42.51  41.71 0.010096
 42.51  41.81 0.009128
 42.51  41.91 0.008257
 42.51  42.01 0.007510
 42.51  42.11 0.006853
 42.51  42.21 0.006217
 42.51  42.31 0.005537
 42.51  42.41 0.004781
 42.61  34.51 0.000159
 42.61  34.61 0.000319
 42.61  34.71 0.000602
 42.61  34.81 0.001069
 42.61  34.91 0.001792
 42.61  35.01 0.002835
 42.61  35.11 0.004243
 42.61  35.21 0.006015
 42.61  35.31 0.008101
 42.61  35.41 0.010388
 42.61  35.51 0.012726
 42.61  35.61 0.014945
 42.61  35.71 0.016894
 42.61  35.81 0.018462
 42.61  35.91 0.019600
 42.61  36.01 0.020317
 42.61  36.11 0.020674
 42.61  36.21 0.020767
 42.61  36.31 0.020709
 42.61  36.41 0.020613
 42.61  36.51 0.020573
 42.61  36.61 0.020652
 42.61  36.71 0.020870
 42.61  36.81 0.021206
 42.61  36.91 0.021625
 42.61  37.01 0.022100
 42.61  37.11 0.022650
 42.61  37.21 0.023343
 42.61  37.31 0.024272
 42.61  37.41 0.025510
 42.61  37.51 0.027069
 42.61  37.61 0.028883
 42.61  37.71 0.030826
 42.61  37.81 0.032762
 42.61  37.91 0.034588
 42.61  38.01 0.036262
 42.61  38.11 0.037788
 42.61  38.21 0.039187
 42.61  38.31 0.040467
 42.61  38.41 0.041614
 42.61  38.51 0.042592
 42.61  38.61 0.043357
 42.61  38.71 0.043847
 42.61  38.81 0.043970
 42.61  38.91 0.043590
 42.61  39.01 0.042540
 42.61  39.11 0.040675
 42.61  39.21 0.037936
 42.61  39.31 0.034406
 42.61  39.41 0.030322
 42.61  39.51 0.026028
 42.61  39.61 0.021890
 42.61  39.71 0.018216
 42.61  39.81 0.015199
 42.61  39.91 0.012908
 42.61  40.01 0.011320
 42.61  40.11 0.010357
 42.61  40.21 0.009921
 42.61  40.31 0.009909
 42.61  40.41 0.010216
 42.61  40.51 0.010739
 42.61  40.61 0.011387
 42.61  40.71 0.012089
 42.61  40.81 0.012804
 42.61  40.91 0.013509
 42.61  41.01 0.014178
 42.61  41.11 0.014760
 42.61  41.21 0.015173
 42.61  41.31 0.015317
 42.61  41.41 0.015119
 42.61  41.51 0.014563
 42.61  41.61 0.013714
 42.61  41.71 0.012696
 42.61  41.81 0.011652
 42.61  41.91 0.010690
 42.61  42.01 0.009848
 42.61  42.11 0.009089
 42.61  42.21 0.008331
 42.61  42.31 0.007494
 42.61  42.41 0.006533
 42.61  42.51 0.005463
 42.71  34.51 0.000127
 42.71  34.61 0.000257
 42.71  34.71 0.000490
 42.71  34.81 0.000878
 42.71  34.91 0.001484
 42.71  35.01 0.002370
 42.71  35.11 0.003583
 42.71  35.21 0.005137
 42.71  35.31 0.007002
 42.71  35.41 0.009102
 42.71  35.51 0.011319
 42.71  35.61 0.013513
 42.71  35.71 0.015543
 42.71  35.81 0.017290
 42.71  35.91 0.018675
 42.71  36.01 0.019658
 42.71  36.11 0.020250
 42.71  36.21 0.020500
 42.71  36.31 0.020488
 42.71  36.41 0.020319
 42.71  36.51 0.020099
 42.71  36.61 0.019917
 42.71  36.71 0.019832
 42.71  36.81 0.019869
 42.71  36.91 0.020026
 42.71  37.01 0.020312
 42.71  37.11 0.020765
 42.71  37.21 0.021468
 42.71  37.31 0.022524
 42.71  37.41 0.024017
 42.71  37.51 0.025961
 42.71  37.61 0.028280
 42.71  37.71 0.030815
 42.71  37.81 0.033375
 42.71  37.91 0.035792
 42.71  38.01 0.037957
 42.71  38.11 0.039825
 42.71  38.21 0.041387
 42.71  38.31 0.042645
 42.71  38.41 0.043591
 42.71  38.51 0.044209
 42.71  38.61 0.044490
 42.71  38.71 0.044432
 42.71  38.81 0.044022
 42.71  38.91 0.043213
 42.71  39.01 0.041922
 42.71  39.11 0.040049
 42.71  39.21 0.037536
 42.71  39.31 0.034421
 42.71  39.41 0.030864
 42.71  39.51 0.027124
 42.71  39.61 0.023497
 42.71  39.71 0.020240
 42.71  39.81 0.017521
 42.71  39.91 0.015404
 42.71  40.01 0.013875
 42.71  40.11 0.012874
 42.71  40.21 0.012330
 42.71  40.31 0.012173
 42.71  40.41 0.012327
 42.71  40.51 0.012716
 42.71  40.61 0.013266
 42.71  40.71 0.013920
 42.71  40.81 0.014643
 42.71  40.91 0.015417
 42.71  41.01 0.016211
 42.71  41.11 0.016963
 42.71  41.21 0.017568
 42.71  41.31 0.017899
 42.71  41.41 0.017849
 42.71  41.51 0.017382
 42.71  41.61 0.016552
 42.71  41.71 0.015491
 42.71  41.81 0.014364
 42.71  41.91 0.013299
 42.71  42.01 0.012350
 42.71  42.11 0.011482
 42.71  42.21 0.010601
 42.71  42.31 0.009606
 42.71  42.41 0.008442
 42.71  42.51 0.007121
 42.71  42.61 0.005722
 42.81  34.51 0.000098
 42.81  34.61 0.000199
 42.81  34.71 0.000384
 42.81  34.81 0.000695
 42.81  34.91 0.001190
 42.81  35.01 0.001924
 42.81  35.11 0.002946
 42.81  35.21 0.004284
 42.81  35.31 0.005930
 42.81  35.41 0.007839
 42.81  35.51 0.009925
 42.81  35.61 0.012077
 42.81  35.71 0.014169
 42.81  35.81 0.016075
 42.81  35.91 0.017686
 42.81  36.01 0.018921
 42.81  36.11 0.019737
 42.81  36.21 0.020136
 42.81  36.31 0.020164
 42.81  36.41 0.019911
 42.81  36.51 0.019493
 42.81  36.61 0.019029
 42.81  36.71 0.018621
 42.81  36.81 0.018342
 42.81  36.91 0.018239
 42.81  37.01 0.018354
 42.81  37.11 0.018744
 42.81  37.21 0.019499
 42.81  37.31 0.020716
 42.81  37.41 0.022473
 42.81  37.51 0.024772
 42.81  37.61 0.027518
 42.81  37.71 0.030523
 42.81  37.81 0.033552
 42.81  37.91 0.036386
 42.81  38.01 0.038869
 42.81  38.11 0.040919
 42.81  38.21 0.042518
 42.81  38.31 0.043671
 42.81  38.41 0.044382
 42.81  38.51 0.044657
 42.81  38.61 0.044511
 42.81  38.71 0.043979
 42.81  38.81 0.043107
 42.81  38.91 0.041924
 42.81  39.01 0.040423
 42.81  39.11 0.038563
 42.81  39.21 0.036307
 42.81  39.31 0.033668
 42.81  39.41 0.030741
 42.81  39.51 0.027704
 42.81  39.61 0.024770
 42.81  39.71 0.022129
 42.81  39.81 0.019902
 42.81  39.91 0.018132
 42.81  40.01 0.016802
 42.81  40.11 0.015866
 42.81  40.21 0.015284
 42.81  40.31 0.015020
 42.81  40.41 0.015038
 42.81  40.51 0.015295
 42.81  40.61 0.015740
 42.81  40.71 0.016329
 42.81  40.81 0.017033
 42.81  40.91 0.017832
 42.81  41.01 0.018696
 42.81  41.11 0.019554
 42.81  41.21 0.020286
 42.81  41.31 0.020745
 42.81  41.41 0.020798
 42.81  41.51 0.020384
 42.81  41.61 0.019543
 42.81  41.71 0.018411
 42.81  41.81 0.017165
 42.81  41.91 0.015961
 42.81  42.01 0.014870
 42.81  42.11 0.013865
 42.81  42.21 0.012847
 42.81  42.31 0.011698
 42.81  42.41 0.010346
 42.81  42.51 0.008796
 42.81  42.61 0.007131
 42.81  42.71 0.005482
 42.91  34.51 0.000072
 42.91  34.61 0.000149
 42.91  34.71 0.000290
 42.91  34.81 0.000534
 42.91  34.91 0.000926
 42.91  35.01 0.001522
 42.91  35.11 0.002370
 42.91  35.21 0.003510
 42.91  35.31 0.004953
 42.91  35.41 0.006682
 42.91  35.51 0.008645
 42.91  35.61 0.010754
 42.91  35.71 0.012898
 42.91  35.81 0.014948
 42.91  35.91 0.016773
 42.91  36.01 0.018252
 42.91  36.11 0.019291
 42.91  36.21 0.019845
 42.91  36.31 0.019926
 42.91  36.41 0.019605
 42.91  36.51 0.019002
 42.91  36.61 0.018264
 42.91  36.71 0.017536
 42.91  36.81 0.016944
 42.91  36.91 0.016586
 42.91  37.01 0.016539
 42.91  37.11 0.016881
 42.91  37.21 0.017697
 42.91  37.31 0.019072
 42.91  37.41 0.021060
 42.91  37.51 0.023640
 42.91  37.61 0.026693
 42.91  37.71 0.030007
 42.91  37.81 0.033315
 42.91  37.91 0.036363
 42.91  38.01 0.038966
 42.91  38.11 0.041028
 42.91  38.21 0.042531
 42.91  38.31 0.043496
 42.91  38.41 0.043951
 42.91  38.51 0.043920
 42.91  38.61 0.043432
 42.91  38.71 0.042540
 42.91  38.81 0.041323
 42.91  38.91 0.039859
 42.91  39.01 0.038204
 42.91  39.11 0.036379
 42.91  39.21 0.034379
 42.91  39.31 0.032217
 42.91  39.41 0.029946
 42.91  39.51 0.027675
 42.91  39.61 0.025536
 42.91  39.71 0.023646
 42.91  39.81 0.022067
 42.91  39.91 0.020805
 42.91  40.01 0.019827
 42.91  40.11 0.019094
 42.91  40.21 0.018587
 42.91  40.31 0.018307
 42.91  40.41 0.018259
 42.91  40.51 0.018433
 42.91  40.61 0.018805
 42.91  40.71 0.019342
 42.91  40.81 0.020018
 42.91  40.91 0.020814
 42.91  41.01 0.021695
 42.91  41.11 0.022591
 42.91  41.21 0.023378
 42.91  41.31 0.023894
 42.91  41.41 0.023987
 42.91  41.51 0.023571
 42.91  41.61 0.022669
 42.91  41.71 0.021409
 42.91  41.81 0.019983
 42.91  41.91 0.018571
 42.91  42.01 0.017271
 42.91  42.11 0.016077
 42.91  42.21 0.014892
 42.91  42.31 0.013586
 42.91  42.41 0.012069
 42.91  42.51 0.010329
 42.91  42.61 0.008446
 42.91  42.71 0.006558
 42.91  42.81 0.004814
 43.01  34.51 0.000051
 43.01  34.61 0.000107
 43.01  34.71 0.000213
 43.01  34.81 0.000399
 43.01  34.91 0.000706
 43.01  35.01 0.001184
 43.01  35.11 0.001883
 43.01  35.21 0.002852
 43.01  35.31 0.004119
 43.01  35.41 0.005693
 43.01  35.51 0.007547
 43.01  35.61 0.009619
 43.01  35.71 0.011811
 43.01  35.81 0.013994
 43.01  35.91 0.016019
 43.01  36.01 0.017730
 43.01  36.11 0.018993
 43.01  36.21 0.019718
 43.01  36.31 0.019879
 43.01  36.41 0.019526
 43.01  36.51 0.018779
 43.01  36.61 0.017806
 43.01  36.71 0.016793
 43.01  36.81 0.015916
 43.01  36.91 0.015322
 43.01  37.01 0.015127
 43.01  37.11 0.015424
 43.01  37.21 0.016294
 43.01  37.31 0.017798
 43.01  37.41 0.019956
 43.01  37.51 0.022718
 43.01  37.61 0.025940
 43.01  37.71 0.029386
 43.01  37.81 0.032771
 43.01  37.91 0.035826
 43.01  38.01 0.038352
 43.01  38.11 0.040256
 43.01  38.21 0.041536
 43.01  38.31 0.042241
 43.01  38.41 0.042426
 43.01  38.51 0.042134
 43.01  38.61 0.041400
 43.01  38.71 0.040277
 43.01  38.81 0.038847
 43.01  38.91 0.037212
 43.01  39.01 0.035471
 43.01  39.11 0.033696
 43.01  39.21 0.031927
 43.01  39.31 0.030192
 43.01  39.41 0.028530
 43.01  39.51 0.027000
 43.01  39.61 0.025668
 43.01  39.71 0.024582
 43.01  39.81 0.023743
 43.01  39.91 0.023111
 43.01  40.01 0.022628
 43.01  40.11 0.022249
 43.01  40.21 0.021968
 43.01  40.31 0.021812
 43.01  40.41 0.021820
 43.01  40.51 0.022015
 43.01  40.61 0.022393
 43.01  40.71 0.022930
 43.01  40.81 0.023600
 43.01  40.91 0.024379
 43.01  41.01 0.025238
 43.01  41.11 0.026110
 43.01  41.21 0.026876
 43.01  41.31 0.027374
 43.01  41.41 0.027436
 43.01  41.51 0.026954
 43.01  41.61 0.025926
 43.01  41.71 0.024468
 43.01  41.81 0.022779
 43.01  41.91 0.021066
 43.01  42.01 0.019467
 43.01  42.11 0.018005
 43.01  42.21 0.016603
 43.01  42.31 0.015127
 43.01  42.41 0.013467
 43.01  42.51 0.011588
 43.01  42.61 0.009551
 43.01  42.71 0.007490
 43.01  42.81 0.005561
 43.01  42.91 0.003897
 43.11  34.51 0.000035
 43.11  34.61 0.000076
 43.11  34.71 0.000153
 43.11  34.81 0.000294
 43.11  34.91 0.000533
 43.11  35.01 0.000915
 43.11  35.11 0.001494
 43.11  35.21 0.002323
 43.11  35.31 0.003446
 43.11  35.41 0.004890
 43.11  35.51 0.006652
 43.11  35.61 0.008692
 43.11  35.71 0.010924
 43.11  35.81 0.013221
 43.11  35.91 0.015422
 43.11  36.01 0.017348
 43.11  36.11 0.018829
 43.11  36.21 0.019736
 43.11  36.31 0.020009
 43.11  36.41 0.019673
 43.11  36.51 0.018844
 43.11  36.61 0.017701
 43.11  36.71 0.016465
 43.11  36.81 0.015356
 43.11  36.91 0.014567
 43.11  37.01 0.014251
 43.11  37.11 0.014514
 43.11  37.21 0.015428
 43.11  37.31 0.017025
 43.11  37.41 0.019289
 43.11  37.51 0.022134
 43.11  37.61 0.025389
 43.11  37.71 0.028803
 43.11  37.81 0.032083
 43.11  37.91 0.034956
 43.11  38.01 0.037231
 43.11  38.11 0.038830
 43.11  38.21 0.039781
 43.11  38.31 0.040166
 43.11  38.41 0.040074
 43.11  38.51 0.039564
 43.11  38.61 0.038673
 43.11  38.71 0.037436
 43.11  38.81 0.035918
 43.11  38.91 0.034220
 43.11  39.01 0.032459
 43.11  39.11 0.030745
 43.11  39.21 0.029162
 43.11  39.31 0.027770
 43.11  39.41 0.026612
 43.11  39.51 0.025723
 43.11  39.61 0.025124
 43.11  39.71 0.024806
 43.11  39.81 0.024717
 43.11  39.91 0.024774
 43.11  40.01 0.024886
 43.11  40.11 0.024997
 43.11  40.21 0.025101
 43.11  40.31 0.025239
 43.11  40.41 0.025471
 43.11  40.51 0.025836
 43.11  40.61 0.026344
 43.11  40.71 0.026971
 43.11  40.81 0.027686
 43.11  40.91 0.028463
 43.11  41.01 0.029275
 43.11  41.11 0.030071
 43.11  41.21 0.030750
 43.11  41.31 0.031158
 43.11  41.41 0.031123
 43.11  41.51 0.030514
 43.11  41.61 0.029298
 43.11  41.71 0.027573
 43.11  41.81 0.025539
 43.11  41.91 0.023429
 43.11  42.01 0.021427
 43.11  42.11 0.019607
 43.11  42.21 0.017922
 43.11  42.31 0.016248
 43.11  42.41 0.014459
 43.11  42.51 0.012490
 43.11  42.61 0.010370
 43.11  42.71 0.008213
 43.11  42.81 0.006170
 43.11  42.91 0.004381
 43.11  43.01 0.002932
 43.21  34.51 0.000024
 43.21  34.61 0.000053
 43.21  34.71 0.000110
 43.21  34.81 0.000216
 43.21  34.91 0.000403
 43.21  35.01 0.000712
 43.21  35.11 0.001196
 43.21  35.21 0.001913
 43.21  35.31 0.002917
 43.21  35.41 0.004252
 43.21  35.51 0.005932
 43.21  35.61 0.007933
 43.21  35.71 0.010185
 43.21  35.81 0.012566
 43.21  35.91 0.014908
 43.21  36.01 0.017017
 43.21  36.11 0.018698
 43.21  36.21 0.019792
 43.21  36.31 0.020206
 43.21  36.41 0.019941
 43.21  36.51 0.019099
 43.21  36.61 0.017866
 43.21  36.71 0.016487
 43.21  36.81 0.015220
 43.21  36.91 0.014297
 43.21  37.01 0.013901
 43.21  37.11 0.014152
 43.21  37.21 0.015109
 43.21  37.31 0.016774
 43.21  37.41 0.019093
 43.21  37.51 0.021942
 43.21  37.61 0.025125
 43.21  37.71 0.028378
 43.21  37.81 0.031410
 43.21  37.91 0.033958
 43.21  38.01 0.035851
 43.21  38.11 0.037038
 43.21  38.21 0.037581
 43.21  38.31 0.037605
 43.21  38.41 0.037233
 43.21  38.51 0.036542
 43.21  38.61 0.035563
 43.21  38.71 0.034308
 43.21  38.81 0.032807
 43.21  38.91 0.031136
 43.21  39.01 0.029412
 43.21  39.11 0.027768
 43.21  39.21 0.026324
 43.21  39.31 0.025177
 43.21  39.41 0.024389
 43.21  39.51 0.023992
 43.21  39.61 0.023983
 43.21  39.71 0.024316
 43.21  39.81 0.024901
 43.21  39.91 0.025620
 43.21  40.01 0.026360
 43.21  40.11 0.027047
 43.21  40.21 0.027667
 43.21  40.31 0.028262
 43.21  40.41 0.028892
 43.21  40.51 0.029600
 43.21  40.61 0.030388
 43.21  40.71 0.031223
 43.21  40.81 0.032061
 43.21  40.91 0.032869
 43.21  41.01 0.033629
 43.21  41.11 0.034313
 43.21  41.21 0.034852
 43.21  41.31 0.035115
 43.21  41.41 0.034933
 43.21  41.51 0.034154
 43.21  41.61 0.032713
 43.21  41.71 0.030677
 43.21  41.81 0.028238
 43.21  41.91 0.025655
 43.21  42.01 0.023164
 43.21  42.11 0.020899
 43.21  42.21 0.018864
 43.21  42.31 0.016957
 43.21  42.41 0.015041
 43.21  42.51 0.013018
 43.21  42.61 0.010878
 43.21  42.71 0.008700
 43.21  42.81 0.006615
 43.21  42.91 0.004761
 43.21  43.01 0.003234
 43.21  43.11 0.002068
 43.31  34.51 0.000016
 43.31  34.61 0.000037
 43.31  34.71 0.000079
 43.31  34.81 0.000160
 43.31  34.91 0.000308
 43.31  35.01 0.000560
 43.31  35.11 0.000969
 43.31  35.21 0.001594
 43.31  35.31 0.002497
 43.31  35.41 0.003730
 43.31  35.51 0.005322
 43.31  35.61 0.007267
 43.31  35.71 0.009504
 43.31  35.81 0.011922
 43.31  35.91 0.014355
 43.31  36.01 0.016604
 43.31  36.11 0.018457
 43.31  36.21 0.019732
 43.31  36.31 0.020310
 43.31  36.41 0.020163
 43.31  36.51 0.019378
 43.31  36.61 0.018138
 43.31  36.71 0.016703
 43.31  36.81 0.015358
 43.31  36.91 0.014370
 43.31  37.01 0.013947
 43.31  37.11 0.014218
 43.31  37.21 0.015231
 43.31  37.31 0.016957
 43.31  37.41 0.019303
 43.31  37.51 0.022108
 43.31  37.61 0.025154
 43.31  37.71 0.028168
 43.31  37.81 0.030866
 43.31  37.91 0.033005
 43.31  38.01 0.034438
 43.31  38.11 0.035151
 43.31  38.21 0.035246
 43.31  38.31 0.034891
 43.31  38.41 0.034243
 43.31  38.51 0.033399
 43.31  38.61 0.032384
 43.31  38.71 0.031177
 43.31  38.81 0.029770
 43.31  38.91 0.028199
 43.31  39.01 0.026563
 43.31  39.11 0.025001
 43.31  39.21 0.023661
 43.31  39.31 0.022672
 43.31  39.41 0.022123
 43.31  39.51 0.022053
 43.31  39.61 0.022453
 43.31  39.71 0.023260
 43.31  39.81 0.024366
 43.31  39.91 0.025637
 43.31  40.01 0.026948
 43.31  40.11 0.028214
 43.31  40.21 0.029414
 43.31  40.31 0.030576
 43.31  40.41 0.031748
 43.31  40.51 0.032952
 43.31  40.61 0.034166
 43.31  40.71 0.035329
 43.31  40.81 0.036374
 43.31  40.91 0.037259
 43.31  41.01 0.037977
 43.31  41.11 0.038532
 43.31  41.21 0.038897
 43.31  41.31 0.038978
 43.31  41.41 0.038622
 43.31  41.51 0.037661
 43.31  41.61 0.035994
 43.31  41.71 0.033646
 43.31  41.81 0.030794
 43.31  41.91 0.027714
 43.31  42.01 0.024690
 43.31  42.11 0.021927
 43.31  42.21 0.019490
 43.31  42.31 0.017313
 43.31  42.41 0.015261
 43.31  42.51 0.013206
 43.31  42.61 0.011092
 43.31  42.71 0.008953
 43.31  42.81 0.006891
 43.31  42.91 0.005030
 43.31  43.01 0.003469
 43.31  43.11 0.002254
 43.31  43.21 0.001378
 43.41  34.51 0.000011
 43.41  34.61 0.000026
 43.41  34.71 0.000057
 43.41  34.81 0.000120
 43.41  34.91 0.000238
 43.41  35.01 0.000445
 43.41  35.11 0.000792
 43.41  35.21 0.001335
 43.41  35.31 0.002141
 43.41  35.41 0.003267
 43.41  35.51 0.004755
 43.41  35.61 0.006608
 43.41  35.71 0.008783
 43.41  35.81 0.011180
 43.41  35.91 0.013643
 43.41  36.01 0.015977
 43.41  36.11 0.017964
 43.41  36.21 0.019406
 43.41  36.31 0.020159
 43.41  36.41 0.020171
 43.41  36.51 0.019504
 43.41  36.61 0.018334
 43.41  36.71 0.016924
 43.41  36.81 0.015579
 43.41  36.91 0.014593
 43.41  37.01 0.014196
 43.41  37.11 0.014524
 43.41  37.21 0.015613
 43.41  37.31 0.017407
 43.41  37.41 0.019774
 43.41  37.51 0.022522
 43.41  37.61 0.025408
 43.41  37.71 0.028156
 43.41  37.81 0.030491
 43.41  37.91 0.032194
 43.41  38.01 0.033148
 43.41  38.11 0.033375
 43.41  38.21 0.033021
 43.41  38.31 0.032293
 43.41  38.41 0.031384
 43.41  38.51 0.030410
 43.41  38.61 0.029390
 43.41  38.71 0.028277
 43.41  38.81 0.027015
 43.41  38.91 0.025599
 43.41  39.01 0.024097
 43.41  39.11 0.022641
 43.41  39.21 0.021394
 43.41  39.31 0.020508
 43.41  39.41 0.020094
 43.41  39.51 0.020205
 43.41  39.61 0.020833
 43.41  39.71 0.021914
 43.41  39.81 0.023340
 43.41  39.91 0.024980
 43.41  40.01 0.026716
 43.41  40.11 0.028470
 43.41  40.21 0.030215
 43.41  40.31 0.031968
 43.41  40.41 0.033747
 43.41  40.51 0.035539
 43.41  40.61 0.037279
 43.41  40.71 0.038862
 43.41  40.81 0.040184
 43.41  40.91 0.041189
 43.41  41.01 0.041880
 43.41  41.11 0.042300
 43.41  41.21 0.042474
 43.41  41.31 0.042358
 43.41  41.41 0.041826
 43.41  41.51 0.040702
 43.41  41.61 0.038849
 43.41  41.71 0.036247
 43.41  41.81 0.033040
 43.41  41.91 0.029507
 43.41  42.01 0.025974
 43.41  42.11 0.022713
 43.41  42.21 0.019859
 43.41  42.31 0.017394
 43.41  42.41 0.015195
 43.41  42.51 0.013115
 43.41  42.61 0.011052
 43.41  42.71 0.008994
 43.41  42.81 0.007004
 43.41  42.91 0.005184
 43.41  43.01 0.003630
 43.41  43.11 0.002397
 43.41  43.21 0.001490
 43.41  43.31 0.000871
 43.51  34.51 0.000008
 43.51  34.61 0.000018
 43.51  34.71 0.000042
 43.51  34.81 0.000091
 43.51  34.91 0.000184
 43.51  35.01 0.000354
 43.51  35.11 0.000643
 43.51  35.21 0.001109
 43.51  35.31 0.001815
 43.51  35.41 0.002822
 43.51  35.51 0.004176
 43.51  35.61 0.005896
 43.51  35.71 0.007952
 43.51  35.81 0.010262
 43.51  35.91 0.012688
 43.51  36.01 0.015044
 43.51  36.11 0.017118
 43.51  36.21 0.018702
 43.51  36.31 0.019633
 43.51  36.41 0.019832
 43.51  36.51 0.019334
 43.51  36.61 0.018297
 43.51  36.71 0.016982
 43.51  36.81 0.015704
 43.51  36.91 0.014777
 43.51  37.01 0.014450
 43.51  37.11 0.014866
 43.51  37.21 0.016052
 43.51  37.31 0.017928
 43.51  37.41 0.020327
 43.51  37.51 0.023027
 43.51  37.61 0.025765
 43.51  37.71 0.028261
 43.51  37.81 0.030254
 43.51  37.91 0.031544
 43.51  38.01 0.032048
 43.51  38.11 0.031824
 43.51  38.21 0.031053
 43.51  38.31 0.029983
 43.51  38.41 0.028840
 43.51  38.51 0.027759
 43.51  38.61 0.026756
 43.51  38.71 0.025761
 43.51  38.81 0.024677
 43.51  38.91 0.023455
 43.51  39.01 0.022129
 43.51  39.11 0.020814
 43.51  39.21 0.019674
 43.51  39.31 0.018875
 43.51  39.41 0.018540
 43.51  39.51 0.018729
 43.51  39.61 0.019438
 43.51  39.71 0.020606
 43.51  39.81 0.022138
 43.51  39.91 0.023926
 43.51  40.01 0.025879
 43.51  40.11 0.027940
 43.51  40.21 0.030096
 43.51  40.31 0.032352
 43.51  40.41 0.034700
 43.51  40.51 0.037079
 43.51  40.61 0.039366
 43.51  40.71 0.041399
 43.51  40.81 0.043030
 43.51  40.91 0.044179
 43.51  41.01 0.044857
 43.51  41.11 0.045144
 43.51  41.21 0.045123
 43.51  41.31 0.044811
 43.51  41.41 0.044118
 43.51  41.51 0.042874
 43.51  41.61 0.040912
 43.51  41.71 0.038161
 43.51  41.81 0.034722
 43.51  41.91 0.030858
 43.51  42.01 0.026919
 43.51  42.11 0.023231
 43.51  42.21 0.019996
 43.51  42.31 0.017254
 43.51  42.41 0.014908
 43.51  42.51 0.012802
 43.51  42.61 0.010801
 43.51  42.71 0.008846
 43.51  42.81 0.006959
 43.51  42.91 0.005217
 43.51  43.01 0.003707
 43.51  43.11 0.002486
 43.51  43.21 0.001570
 43.51  43.31 0.000933
 43.51  43.41 0.000520
 43.61  34.51 0.000005
 43.61  34.61 0.000013
 43.61  34.71 0.000031
 43.61  34.81 0.000068
 43.61  34.91 0.000141
 43.61  35.01 0.000277
 43.61  35.11 0.000513
 43.61  35.21 0.000902
 43.61  35.31 0.001501
 43.61  35.41 0.002372
 43.61  35.51 0.003566
 43.61  35.61 0.005109
 43.61  35.71 0.006990
 43.61  35.81 0.009147
 43.61  35.91 0.011465
 43.61  36.01 0.013778
 43.61  36.11 0.015885
 43.61  36.21 0.017576
 43.61  36.31 0.018673
 43.61  36.41 0.019071
 43.61  36.51 0.018777
 43.61  36.61 0.017924
 43.61  36.71 0.016759
 43.61  36.81 0.015602
 43.61  36.91 0.014777
 43.61  37.01 0.014549
 43.61  37.11 0.015072
 43.61  37.21 0.016367
 43.61  37.31 0.018334
 43.61  37.41 0.020781
 43.61  37.51 0.023455
 43.61  37.61 0.026078
 43.61  37.71 0.028365
 43.61  37.81 0.030067
 43.61  37.91 0.031006
 43.61  38.01 0.031128
 43.61  38.11 0.030519
 43.61  38.21 0.029396
 43.61  38.31 0.028039
 43.61  38.41 0.026702
 43.61  38.51 0.025538
 43.61  38.61 0.024568
 43.61  38.71 0.023702
 43.61  38.81 0.022812
 43.61  38.91 0.021809
 43.61  39.01 0.020691
 43.61  39.11 0.019555
 43.61  39.21 0.018557
 43.61  39.31 0.017862
 43.61  39.41 0.017593
 43.61  39.51 0.017809
 43.61  39.61 0.018502
 43.61  39.71 0.019615
 43.61  39.81 0.021069
 43.61  39.91 0.022788
 43.61  40.01 0.024722
 43.61  40.11 0.026858
 43.61  40.21 0.029208
 43.61  40.31 0.031783
 43.61  40.41 0.034552
 43.61  40.51 0.037409
 43.61  40.61 0.040172
 43.61  40.71 0.042614
 43.61  40.81 0.044535
 43.61  40.91 0.045824
 43.61  41.01 0.046493
 43.61  41.11 0.046653
 43.61  41.21 0.046444
 43.61  41.31 0.045945
 43.61  41.41 0.045115
 43.61  41.51 0.043804
 43.61  41.61 0.041824
 43.61  41.71 0.039060
 43.61  41.81 0.035559
 43.61  41.91 0.031548
 43.61  42.01 0.027376
 43.61  42.11 0.023403
 43.61  42.21 0.019886
 43.61  42.31 0.016920
 43.61  42.41 0.014445
 43.61  42.51 0.012314
 43.61  42.61 0.010373
 43.61  42.71 0.008528
 43.61  42.81 0.006763
 43.61  42.91 0.005126
 43.61  43.01 0.003689
 43.61  43.11 0.002509
 43.61  43.21 0.001608
 43.61  43.31 0.000970
 43.61  43.41 0.000549
 43.61  43.51 0.000292
 43.71  34.51 0.000004
 43.71  34.61 0.000009
 43.71  34.71 0.000022
 43.71  34.81 0.000050
 43.71  34.91 0.000105
 43.71  35.01 0.000210
 43.71  35.11 0.000397
 43.71  35.21 0.000708
 43.71  35.31 0.001198
 43.71  35.41 0.001922
 43.71  35.51 0.002934
 43.71  35.61 0.004266
 43.71  35.71 0.005925
 43.71  35.81 0.007870
 43.71  35.91 0.010014
 43.71  36.01 0.012216
 43.71  36.11 0.014294
 43.71  36.21 0.016044
 43.71  36.31 0.017279
 43.71  36.41 0.017873
 43.71  36.51 0.017800
 43.71  36.61 0.017165
 43.71  36.71 0.016193
 43.71  36.81 0.015196
 43.71  36.91 0.014503
 43.71  37.01 0.014391
 43.71  37.11 0.015024
 43.71  37.21 0.016424
 43.71  37.31 0.018480
 43.71  37.41 0.020980
 43.71  37.51 0.023651
 43.71  37.61 0.026196
 43.71  37.71 0.028330
 43.71  37.81 0.029811
 43.71  37.91 0.030483
 43.71  38.01 0.030313
 43.71  38.11 0.029415
 43.71  38.21 0.028028
 43.71  38.31 0.026457
 43.71  38.41 0.024981
 43.71  38.51 0.023768
 43.71  38.61 0.022844
 43.71  38.71 0.022109
 43.71  38.81 0.021413
 43.71  38.91 0.020635
 43.71  39.01 0.019744
 43.71  39.11 0.018815
 43.71  39.21 0.017991
 43.71  39.31 0.017427
 43.71  39.41 0.017240
 43.71  39.51 0.017474
 43.71  39.61 0.018109
 43.71  39.71 0.019084
 43.71  39.81 0.020330
 43.71  39.91 0.021805
 43.71  40.01 0.023507
 43.71  40.11 0.025477
 43.71  40.21 0.027769
 43.71  40.31 0.030415
 43.71  40.41 0.033378
 43.71  40.51 0.036518
 43.71  40.61 0.039600
 43.71  40.71 0.042340
 43.71  40.81 0.044482
 43.71  40.91 0.045881
 43.71  41.01 0.046537
 43.71  41.11 0.046583
 43.71  41.21 0.046202
 43.71  41.31 0.045533
 43.71  41.41 0.044591
 43.71  41.51 0.043258
 43.71  41.61 0.041346
 43.71  41.71 0.038704
 43.71  41.81 0.035325
 43.71  41.91 0.031384
 43.71  42.01 0.027202
 43.71  42.11 0.023140
 43.71  42.21 0.019490
 43.71  42.31 0.016394
 43.71  42.41 0.013835
 43.71  42.51 0.011690
 43.71  42.61 0.009805
 43.71  42.71 0.008065
 43.71  42.81 0.006427
 43.71  42.91 0.004911
 43.71  43.01 0.003571
 43.71  43.11 0.002457
 43.71  43.21 0.001595
 43.71  43.31 0.000974
 43.71  43.41 0.000559
 43.71  43.51 0.000301
 43.71  43.61 0.000152
 43.81  34.51 0.000002
 43.81  34.61 0.000006
 43.81  34.71 0.000015
 43.81  34.81 0.000035
 43.81  34.91 0.000075
 43.81  35.01 0.000153
 43.81  35.11 0.000294
 43.81  35.21 0.000533
 43.81  35.31 0.000915
 43.81  35.41 0.001491
 43.81  35.51 0.002311
 43.81  35.61 0.003415
 43.81  35.71 0.004820
 43.81  35.81 0.006510
 43.81  35.91 0.008423
 43.81  36.01 0.010451
 43.81  36.11 0.012434
 43.81  36.21 0.014184
 43.81  36.31 0.015513
 43.81  36.41 0.016278
 43.81  36.51 0.016426
 43.81  36.61 0.016026
 43.81  36.71 0.015276
 43.81  36.81 0.014469
 43.81  36.91 0.013928
 43.81  37.01 0.013935
 43.81  37.11 0.014665
 43.81  37.21 0.016147
 43.81  37.31 0.018270
 43.81  37.41 0.020812
 43.81  37.51 0.023484
 43.81  37.61 0.025982
 43.81  37.71 0.028016
 43.81  37.81 0.029352
 43.81  37.91 0.029851
 43.81  38.01 0.029496
 43.81  38.11 0.028419
 43.81  38.21 0.026875
 43.81  38.31 0.025183
 43.81  38.41 0.023636
 43.81  38.51 0.022415
 43.81  38.61 0.021553
 43.81  38.71 0.020948
 43.81  38.81 0.020433
 43.81  38.91 0.019866
 43.81  39.01 0.019196
 43.81  39.11 0.018477
 43.81  39.21 0.017838
 43.81  39.31 0.017423
 43.81  39.41 0.017334
 43.81  39.51 0.017596
 43.81  39.61 0.018168
 43.81  39.71 0.018973
 43.81  39.81 0.019947
 43.81  39.91 0.021071
 43.81  40.01 0.022388
 43.81  40.11 0.023991
 43.81  40.21 0.025990
 43.81  40.31 0.028451
 43.81  40.41 0.031347
 43.81  40.51 0.034527
 43.81  40.61 0.037720
 43.81  40.71 0.040598
 43.81  40.81 0.042860
 43.81  40.91 0.044321
 43.81  41.01 0.044962
 43.81  41.11 0.044917
 43.81  41.21 0.044396
 43.81  41.31 0.043585
 43.81  41.41 0.042554
 43.81  41.51 0.041231
 43.81  41.61 0.039445
 43.81  41.71 0.037033
 43.81  41.81 0.033939
 43.81  41.91 0.030277
 43.81  42.01 0.026316
 43.81  42.11 0.022387
 43.81  42.21 0.018787
 43.81  42.31 0.015687
 43.81  42.41 0.013113
 43.81  42.51 0.010977
 43.81  42.61 0.009144
 43.81  42.71 0.007498
 43.81  42.81 0.005979
 43.81  42.91 0.004587
 43.81  43.01 0.003357
 43.81  43.11 0.002330
 43.81  43.21 0.001528
 43.81  43.31 0.000943
 43.81  43.41 0.000548
 43.81  43.51 0.000299
 43.81  43.61 0.000153
 43.81  43.71 0.000073
 43.91  34.51 0.000002
 43.91  34.61 0.000004
 43.91  34.71 0.000010
 43.91  34.81 0.000024
 43.91  34.91 0.000052
 43.91  35.01 0.000106
 43.91  35.11 0.000207
 43.91  35.21 0.000381
 43.91  35.31 0.000665
 43.91  35.41 0.001102
 43.91  35.51 0.001737
 43.91  35.61 0.002611
 43.91  35.71 0.003752
 43.91  35.81 0.005162
 43.91  35.91 0.006806
 43.91  36.01 0.008606
 43.91  36.11 0.010432
 43.91  36.21 0.012117
 43.91  36.31 0.013484
 43.91  36.41 0.014381
 43.91  36.51 0.014731
 43.91  36.61 0.014571
 43.91  36.71 0.014061
 43.91  36.81 0.013462
 43.91  36.91 0.013083
 43.91  37.01 0.013201
 43.91  37.11 0.013999
 43.91  37.21 0.015521
 43.91  37.31 0.017663
 43.91  37.41 0.020208
 43.91  37.51 0.022866
 43.91  37.61 0.025325
 43.91  37.71 0.027298
 43.91  37.81 0.028559
 43.91  37.91 0.028976
 43.91  38.01 0.028549
 43.91  38.11 0.027415
 43.91  38.21 0.025835
 43.91  38.31 0.024130
 43.91  38.41 0.022595
 43.91  38.51 0.021421
 43.91  38.61 0.020643
 43.91  38.71 0.020162
 43.91  38.81 0.019806
 43.91  38.91 0.019422
 43.91  39.01 0.018941
 43.91  39.11 0.018403
 43.91  39.21 0.017926
 43.91  39.31 0.017644
 43.91  39.41 0.017644
 43.91  39.51 0.017932
 43.91  39.61 0.018444
 43.91  39.71 0.019083
 43.91  39.81 0.019775
 43.91  39.91 0.020513
 43.91  40.01 0.021370
 43.91  40.11 0.022487
 43.91  40.21 0.024022
 43.91  40.31 0.026085
 43.91  40.41 0.028677
 43.91  40.51 0.031655
 43.91  40.61 0.034743
 43.91  40.71 0.037588
 43.91  40.81 0.039858
 43.91  40.91 0.041333
 43.91  41.01 0.041964
 43.91  41.11 0.041867
 43.91  41.21 0.041256
 43.91  41.31 0.040345
 43.91  41.41 0.039251
 43.91  41.51 0.037953
 43.91  41.61 0.036322
 43.91  41.71 0.034200
 43.91  41.81 0.031504
 43.91  41.91 0.028288
 43.91  42.01 0.024748
 43.91  42.11 0.021163
 43.91  42.21 0.017799
 43.91  42.31 0.014837
 43.91  42.41 0.012333
 43.91  42.51 0.010240
 43.91  42.61 0.008457
 43.91  42.71 0.006887
 43.91  42.81 0.005469
 43.91  42.91 0.004191
 43.91  43.01 0.003073
 43.91  43.11 0.002142
 43.91  43.21 0.001413
 43.91  43.31 0.000879
 43.91  43.41 0.000515
 43.91  43.51 0.000283
 43.91  43.61 0.000146
 43.91  43.71 0.000071
 43.91  43.81 0.000032
 44.01  34.61 0.000003
 44.01  34.71 0.000006
 44.01  34.81 0.000015
 44.01  34.91 0.000033
 44.01  35.01 0.000070
 44.01  35.11 0.000138
 44.01  35.21 0.000259
 44.01  35.31 0.000459
 44.01  35.41 0.000774
 44.01  35.51 0.001242
 44.01  35.61 0.001903
 44.01  35.71 0.002790
 44.01  35.81 0.003918
 44.01  35.91 0.005276
 44.01  36.01 0.006813
 44.01  36.11 0.008432
 44.01  36.21 0.009995
 44.01  36.31 0.011342
 44.01  36.41 0.012324
 44.01  36.51 0.012848
 44.01  36.61 0.012919
 44.01  36.71 0.012654
 44.01  36.81 0.012274
 44.01  36.91 0.012057
 44.01  37.01 0.012267
 44.01  37.11 0.013092
 44.01  37.21 0.014590
 44.01  37.31 0.016681
 44.01  37.41 0.019162
 44.01  37.51 0.021756
 44.01  37.61 0.024158
 44.01  37.71 0.026087
 44.01  37.81 0.027322
 44.01  37.91 0.027743
 44.01  38.01 0.027352
 44.01  38.11 0.026286
 44.01  38.21 0.024798
 44.01  38.31 0.023198
 44.01  38.41 0.021773
 44.01  38.51 0.020710
 44.01  38.61 0.020048
 44.01  38.71 0.019693
 44.01  38.81 0.019475
 44.01  38.91 0.019235
 44.01  39.01 0.018894
 44.01  39.11 0.018482
 44.01  39.21 0.018108
 44.01  39.31 0.017900
 44.01  39.41 0.017938
 44.01  39.51 0.018218
 44.01  39.61 0.018656
 44.01  39.71 0.019136
 44.01  39.81 0.019569
 44.01  39.91 0.019943
 44.01  40.01 0.020346
 44.01  40.11 0.020945
 44.01  40.21 0.021935
 44.01  40.31 0.023470
 44.01  40.41 0.025588
 44.01  40.51 0.028176
 44.01  40.61 0.030975
 44.01  40.71 0.033636
 44.01  40.81 0.035815
 44.01  40.91 0.037267
 44.01  41.01 0.037906
 44.01  41.11 0.037814
 44.01  41.21 0.037184
 44.01  41.31 0.036231
 44.01  41.41 0.035107
 44.01  41.51 0.033843
 44.01  41.61 0.032364
 44.01  41.71 0.030545
 44.01  41.81 0.028295
 44.01  41.91 0.025622
 44.01  42.01 0.022646
 44.01  42.11 0.019568
 44.01  42.21 0.016602
 44.01  42.31 0.013909
 44.01  42.41 0.011562
 44.01  42.51 0.009553
 44.01  42.61 0.007825
 44.01  42.71 0.006310
 44.01  42.81 0.004966
 44.01  42.91 0.003779
 44.01  43.01 0.002759
 44.01  43.11 0.001920
 44.01  43.21 0.001267
 44.01  43.31 0.000790
 44.01  43.41 0.000465
 44.01  43.51 0.000258
 44.01  43.61 0.000134
 44.01  43.71 0.000066
 44.01  43.81 0.000030
 44.01  43.91 0.000013
 44.11  34.61 0.000002
 44.11  34.71 0.000004
 44.11  34.81 0.000009
 44.11  34.91 0.000021
 44.11  35.01 0.000044
 44.11  35.11 0.000088
 44.11  35.21 0.000167
 44.11  35.31 0.000301
 44.11  35.41 0.000516
 44.11  35.51 0.000845
 44.11  35.61 0.001322
 44.11  35.71 0.001981
 44.11  35.81 0.002847
 44.11  35.91 0.003924
 44.11  36.01 0.005188
 44.11  36.11 0.006573
 44.11  36.21 0.007973
 44.11  36.31 0.009255
 44.11  36.41 0.010280
 44.11  36.51 0.010949
 44.11  36.61 0.011236
 44.11  36.71 0.011215
 44.11  36.81 0.011056
 44.11  36.91 0.010993
 44.11  37.01 0.011268
 44.11  37.11 0.012065
 44.11  37.21 0.013462
 44.11  37.31 0.015409
 44.11  37.41 0.017734
 44.11  37.51 0.020186
 44.11  37.61 0.022482
 44.11  37.71 0.024353
 44.11  37.81 0.025590
 44.11  37.91 0.026077
 44.11  38.01 0.025818
 44.11  38.11 0.024938
 44.11  38.21 0.023669
 44.11  38.31 0.022296
 44.11  38.41 0.021085
 44.11  38.51 0.020208
 44.11  38.61 0.019705
 44.11  38.71 0.019489
 44.11  38.81 0.019395
 44.11  38.91 0.019265
 44.11  39.01 0.019012
 44.11  39.11 0.018658
 44.11  39.21 0.018306
 44.11  39.31 0.018082
 44.11  39.41 0.018069
 44.11  39.51 0.018265
 44.11  39.61 0.018582
 44.11  39.71 0.018892
 44.11  39.81 0.019091
 44.11  39.91 0.019155
 44.11  40.01 0.019163
 44.11  40.11 0.019291
 44.11  40.21 0.019750
 44.11  40.31 0.020723
 44.11  40.41 0.022289
 44.11  40.51 0.024375
 44.11  40.61 0.026763
 44.11  40.71 0.029134
 44.11  40.81 0.031153
 44.11  40.91 0.032562
 44.11  41.01 0.033239
 44.11  41.11 0.033218
 44.11  41.21 0.032648
 44.11  41.31 0.031725
 44.11  41.41 0.030613
 44.11  41.51 0.029390
 44.11  41.61 0.028045
 44.11  41.71 0.026502
 44.11  41.81 0.024687
 44.11  41.91 0.022578
 44.11  42.01 0.020229
 44.11  42.11 0.017755
 44.11  42.21 0.015299
 44.11  42.31 0.012979
 44.11  42.41 0.010867
 44.11  42.51 0.008984
 44.11  42.61 0.007316
 44.11  42.71 0.005839
 44.11  42.81 0.004538
 44.11  42.91 0.003410
 44.11  43.01 0.002462
 44.11  43.11 0.001698
 44.11  43.21 0.001114
 44.11  43.31 0.000693
 44.11  43.41 0.000407
 44.11  43.51 0.000226
 44.11  43.61 0.000118
 44.11  43.71 0.000058
 44.11  43.81 0.000027
 44.11  43.91 0.000012
 44.11  44.01 0.000005
 44.21  34.71 0.000002
 44.21  34.81 0.000005
 44.21  34.91 0.000012
 44.21  35.01 0.000026
 44.21  35.11 0.000052
 44.21  35.21 0.000101
 44.21  35.31 0.000186
 44.21  35.41 0.000327
 44.21  35.51 0.000547
 44.21  35.61 0.000876
 44.21  35.71 0.001346
 44.21  35.81 0.001984
 44.21  35.91 0.002809
 44.21  36.01 0.003814
 44.21  36.11 0.004965
 44.21  36.21 0.006189
 44.21  36.31 0.007382
 44.21  36.41 0.008426
 44.21  36.51 0.009219
 44.21  36.61 0.009712
 44.21  36.71 0.009931
 44.21  36.81 0.009990
 44.21  36.91 0.010071
 44.21  37.01 0.010380
 44.21  37.11 0.011092
 44.21  37.21 0.012305
 44.21  37.31 0.014003
 44.21  37.41 0.016062
 44.21  37.51 0.018273
 44.21  37.61 0.020385
 44.21  37.71 0.022155
 44.21  37.81 0.023390
 44.21  37.91 0.023980
 44.21  38.01 0.023923
 44.21  38.11 0.023326
 44.21  38.21 0.022387
 44.21  38.31 0.021354
 44.21  38.41 0.020457
 44.21  38.51 0.019847
 44.21  38.61 0.019559
 44.21  38.71 0.019509
 44.21  38.81 0.019543
 44.21  38.91 0.019504
 44.21  39.01 0.019303
 44.21  39.11 0.018949
 44.21  39.21 0.018538
 44.21  39.31 0.018199
 44.21  39.41 0.018025
 44.21  39.51 0.018031
 44.21  39.61 0.018145
 44.21  39.71 0.018245
 44.21  39.81 0.018218
 44.21  39.91 0.018025
 44.21  40.01 0.017725
 44.21  40.11 0.017477
 44.21  40.21 0.017487
 44.21  40.31 0.017950
 44.21  40.41 0.018972
 44.21  40.51 0.020530
 44.21  40.61 0.022457
 44.21  40.71 0.024484
 44.21  40.81 0.026306
 44.21  40.91 0.027666
 44.21  41.01 0.028412
 44.21  41.11 0.028523
 44.21  41.21 0.028090
 44.21  41.31 0.027269
 44.21  41.41 0.026218
 44.21  41.51 0.025050
 44.21  41.61 0.023812
 44.21  41.71 0.022494
 44.21  41.81 0.021056
 44.21  41.91 0.019469
 44.21  42.01 0.017733
 44.21  42.11 0.015887
 44.21  42.21 0.013990
 44.21  42.31 0.012106
 44.21  42.41 0.010286
 44.21  42.51 0.008565
 44.21  42.61 0.006969
 44.21  42.71 0.005519
 44.21  42.81 0.004233
 44.21  42.91 0.003131
 44.21  43.01 0.002224
 44.21  43.11 0.001510
 44.21  43.21 0.000977
 44.21  43.31 0.000601
 44.21  43.41 0.000350
 44.21  43.51 0.000193
 44.21  43.61 0.000100
 44.21  43.71 0.000049
 44.21  43.81 0.000023
 44.21  43.91 0.000010
 44.21  44.01 0.000004
 44.21  44.11 0.000002
 44.31  34.71 0.000001
 44.31  34.81 0.000003
 44.31  34.91 0.000007
 44.31  35.01 0.000014
 44.31  35.11 0.000030
 44.31  35.21 0.000059
 44.31  35.31 0.000110
 44.31  35.41 0.000197
 44.31  35.51 0.000338
 44.31  35.61 0.000556
 44.31  35.71 0.000878
 44.31  35.81 0.001334
 44.31  35.91 0.001948
 44.31  36.01 0.002732
 44.31  36.11 0.003674
 44.31  36.21 0.004736
 44.31  36.31 0.005845
 44.31  36.41 0.006905
 44.31  36.51 0.007821
 44.31  36.61 0.008519
 44.31  36.71 0.008981
 44.31  36.81 0.009261
 44.31  36.91 0.009478
 44.31  37.01 0.009795
 44.31  37.11 0.010374
 44.31  37.21 0.011325
 44.31  37.31 0.012677
 44.31  37.41 0.014359
 44.31  37.51 0.016219
 44.31  37.61 0.018054
 44.31  37.71 0.019656
 44.31  37.81 0.020855
 44.31  37.91 0.021550
 44.31  38.01 0.021729
 44.31  38.11 0.021475
 44.31  38.21 0.020947
 44.31  38.31 0.020343
 44.31  38.41 0.019846
 44.31  38.51 0.019579
 44.31  38.61 0.019562
 44.31  38.71 0.019719
 44.31  38.81 0.019903
 44.31  38.91 0.019964
 44.31  39.01 0.019806
 44.31  39.11 0.019424
 44.31  39.21 0.018902
 44.31  39.31 0.018367
 44.31  39.41 0.017931
 44.31  39.51 0.017638
 44.31  39.61 0.017451
 44.31  39.71 0.017273
 44.31  39.81 0.017001
 44.31  39.91 0.016583
 44.31  40.01 0.016054
 44.31  40.11 0.015538
 44.31  40.21 0.015217
 44.31  40.31 0.015272
 44.31  40.41 0.015827
 44.31  40.51 0.016896
 44.31  40.61 0.018372
 44.31  40.71 0.020045
 44.31  40.81 0.021659
 44.31  40.91 0.022971
 44.31  41.01 0.023806
 44.31  41.11 0.024092
 44.31  41.21 0.023855
 44.31  41.31 0.023195
 44.31  41.41 0.022250
 44.31  41.51 0.021152
 44.31  41.61 0.020000
 44.31  41.71 0.018847
 44.31  41.81 0.017702
 44.31  41.91 0.016548
 44.31  42.01 0.015354
 44.31  42.11 0.014092
 44.31  42.21 0.012746
 44.31  42.31 0.011314
 44.31  42.41 0.009816
 44.31  42.51 0.008287
 44.31  42.61 0.006780
 44.31  42.71 0.005355
 44.31  42.81 0.004069
 44.31  42.91 0.002966
 44.31  43.01 0.002069
 44.31  43.11 0.001378
 44.31  43.21 0.000874
 44.31  43.31 0.000528
 44.31  43.41 0.000303
 44.31  43.51 0.000165
 44.31  43.61 0.000085
 44.31  43.71 0.000041
 44.31  43.81 0.000019
 44.31  43.91 0.000008
 44.31  44.01 0.000003
 44.31  44.11 0.000001
 44.41  34.81 0.000002
 44.41  34.91 0.000004
 44.41  35.01 0.000008
 44.41  35.11 0.000017
 44.41  35.21 0.000033
 44.41  35.31 0.000062
 44.41  35.41 0.000114
 44.41  35.51 0.000201
 44.41  35.61 0.000341
 44.41  35.71 0.000557
 44.41  35.81 0.000877
 44.41  35.91 0.001329
 44.41  36.01 0.001939
 44.41  36.11 0.002717
 44.41  36.21 0.003653
 44.41  36.31 0.004705
 44.41  36.41 0.005803
 44.41  36.51 0.006856
 44.41  36.61 0.007775
 44.41  36.71 0.008495
 44.41  36.81 0.009008
 44.41  36.91 0.009369
 44.41  37.01 0.009688
 44.41  37.11 0.010105
 44.41  37.21 0.010745
 44.41  37.31 0.011676
 44.41  37.41 0.012889
 44.41  37.51 0.014298
 44.41  37.61 0.015761
 44.41  37.71 0.017114
 44.41  37.81 0.018218
 44.41  37.91 0.018983
 44.41  38.01 0.019391
 44.41  38.11 0.019497
 44.41  38.21 0.019415
 44.41  38.31 0.019288
 44.41  38.41 0.019248
 44.41  38.51 0.019378
 44.41  38.61 0.019684
 44.41  38.71 0.020091
 44.41  38.81 0.020463
 44.41  38.91 0.020655
 44.41  39.01 0.020564
 44.41  39.11 0.020166
 44.41  39.21 0.019525
 44.41  39.31 0.018761
 44.41  39.41 0.018001
 44.41  39.51 0.017327
 44.41  39.61 0.016749
 44.41  39.71 0.016217
 44.41  39.81 0.015657
 44.41  39.91 0.015018
 44.41  40.01 0.014310
 44.41  40.11 0.013617
 44.41  40.21 0.013078
 44.41  40.31 0.012844
 44.41  40.41 0.013035
 44.41  40.51 0.013694
 44.41  40.61 0.014766
 44.41  40.71 0.016107
 44.41  40.81 0.017514
 44.41  40.91 0.018772
 44.41  41.01 0.019697
 44.41  41.11 0.020170
 44.41  41.21 0.020156
 44.41  41.31 0.019694
 44.41  41.41 0.018888
 44.41  41.51 0.017874
 44.41  41.61 0.016790
 44.41  41.71 0.015747
 44.41  41.81 0.014808
 44.41  41.91 0.013979
 44.41  42.01 0.013218
 44.41  42.11 0.012451
 44.41  42.21 0.011598
 44.41  42.31 0.010598
 44.41  42.41 0.009427
 44.41  42.51 0.008110
 44.41  42.61 0.006712
 44.41  42.71 0.005323
 44.41  42.81 0.004033
 44.41  42.91 0.002914
 44.41  43.01 0.002004
 44.41  43.11 0.001312
 44.41  43.21 0.000817
 44.41  43.31 0.000483
 44.41  43.41 0.000271
 44.41  43.51 0.000145
 44.41  43.61 0.000073
 44.41  43.71 0.000035
 44.41  43.81 0.000016
 44.41  43.91 0.000007
 44.41  44.01 0.000003
 44.41  44.11 0.000001
 44.51  34.81 0.000002
 44.51  34.91 0.000003
 44.51  35.01 0.000005
 44.51  35.11 0.000010
 44.51  35.21 0.000019
 44.51  35.31 0.000036
 44.51  35.41 0.000066
 44.51  35.51 0.000119
 44.51  35.61 0.000208
 44.51  35.71 0.000352
 44.51  35.81 0.000577
 44.51  35.91 0.000916
 44.51  36.01 0.001403
 44.51  36.11 0.002067
 44.51  36.21 0.002923
 44.51  36.31 0.003959
 44.51  36.41 0.005129
 44.51  36.51 0.006349
 44.51  36.61 0.007516
 44.51  36.71 0.008523
 44.51  36.81 0.009300
 44.51  36.91 0.009833
 44.51  37.01 0.010177
 44.51  37.11 0.010443
 44.51  37.21 0.010760
 44.51  37.31 0.011237
 44.51  37.41 0.011928
 44.51  37.51 0.012816
 44.51  37.61 0.013826
 44.51  37.71 0.014851
 44.51  37.81 0.015787
 44.51  37.91 0.016560
 44.51  38.01 0.017149
 44.51  38.11 0.017582
 44.51  38.21 0.017929
 44.51  38.31 0.018278
 44.51  38.41 0.018707
 44.51  38.51 0.019257
 44.51  38.61 0.019915
 44.51  38.71 0.020604
 44.51  38.81 0.021201
 44.51  38.91 0.021567
 44.51  39.01 0.021592
 44.51  39.11 0.021228
 44.51  39.21 0.020512
 44.51  39.31 0.019545
 44.51  39.41 0.018460
 44.51  39.51 0.017374
 44.51  39.61 0.016352
 44.51  39.71 0.015405
 44.51  39.81 0.014505
 44.51  39.91 0.013620
 44.51  40.01 0.012747
 44.51  40.11 0.011930
 44.51  40.21 0.011257
 44.51  40.31 0.010836
 44.51  40.41 0.010765
 44.51  40.51 0.011098
 44.51  40.61 0.011825
 44.51  40.71 0.012861
 44.51  40.81 0.014063
 44.51  40.91 0.015249
 44.51  41.01 0.016238
 44.51  41.11 0.016878
 44.51  41.21 0.017077
 44.51  41.31 0.016819
 44.51  41.41 0.016167
 44.51  41.51 0.015247
 44.51  41.61 0.014223
 44.51  41.71 0.013250
 44.51  41.81 0.012440
 44.51  41.91 0.011831
 44.51  42.01 0.011386
 44.51  42.11 0.011005
 44.51  42.21 0.010563
 44.51  42.31 0.009947
 44.51  42.41 0.009090
 44.51  42.51 0.007994
 44.51  42.61 0.006726
 44.51  42.71 0.005390
 44.51  42.81 0.004104
 44.51  42.91 0.002964
 44.51  43.01 0.002029
 44.51  43.11 0.001316
 44.51  43.21 0.000809
 44.51  43.31 0.000471
 44.51  43.41 0.000260
 44.51  43.51 0.000136
 44.51  43.61 0.000068
 44.51  43.71 0.000032
 44.51  43.81 0.000014
 44.51  43.91 0.000006
 44.51  44.01 0.000002
 44.61  34.61 0.000001
 44.61  34.71 0.000002
 44.61  34.81 0.000003
 44.61  34.91 0.000004
 44.61  35.01 0.000006
 44.61  35.11 0.000009
 44.61  35.21 0.000015
 44.61  35.31 0.000025
 44.61  35.41 0.000044
 44.61  35.51 0.000077
 44.61  35.61 0.000134
 44.61  35.71 0.000234
 44.61  35.81 0.000399
 44.61  35.91 0.000664
 44.61  36.01 0.001072
 44.61  36.11 0.001667
 44.61  36.21 0.002488
 44.61  36.31 0.003548
 44.61  36.41 0.004824
 44.61  36.51 0.006244
 44.61  36.61 0.007692
 44.61  36.71 0.009025
 44.61  36.81 0.010112
 44.61  36.91 0.010872
 44.61  37.01 0.011300
 44.61  37.11 0.011468
 44.61  37.21 0.011506
 44.61  37.31 0.011552
 44.61  37.41 0.011719
 44.61  37.51 0.012061
 44.61  37.61 0.012574
 44.61  37.71 0.013208
 44.61  37.81 0.013902
 44.61  37.91 0.014605
 44.61  38.01 0.015295
 44.61  38.11 0.015979
 44.61  38.21 0.016689
 44.61  38.31 0.017461
 44.61  38.41 0.018322
 44.61  38.51 0.019272
 44.61  38.61 0.020274
 44.61  38.71 0.021252
 44.61  38.81 0.022094
 44.61  38.91 0.022669
 44.61  39.01 0.022864
 44.61  39.11 0.022607
 44.61  39.21 0.021898
 44.61  39.31 0.020810
 44.61  39.41 0.019465
 44.61  39.51 0.018000
 44.61  39.61 0.016535
 44.61  39.71 0.015144
 44.61  39.81 0.013861
 44.61  39.91 0.012690
 44.61  40.01 0.011633
 44.61  40.11 0.010704
 44.61  40.21 0.009938
 44.61  40.31 0.009395
 44.61  40.41 0.009136
 44.61  40.51 0.009214
 44.61  40.61 0.009646
 44.61  40.71 0.010398
 44.61  40.81 0.011383
 44.61  40.91 0.012462
 44.61  41.01 0.013465
 44.61  41.11 0.014221
 44.61  41.21 0.014595
 44.61  41.31 0.014521
 44.61  41.41 0.014019
 44.61  41.51 0.013200
 44.61  41.61 0.012235
 44.61  41.71 0.011311
 44.61  41.81 0.010578
 44.61  41.91 0.010109
 44.61  42.01 0.009881
 44.61  42.11 0.009787
 44.61  42.21 0.009671
 44.61  42.31 0.009381
 44.61  42.41 0.008813
 44.61  42.51 0.007940
 44.61  42.61 0.006816
 44.61  42.71 0.005552
 44.61  42.81 0.004280
 44.61  42.91 0.003119
 44.61  43.01 0.002148
 44.61  43.11 0.001397
 44.61  43.21 0.000858
 44.61  43.31 0.000498
 44.61  43.41 0.000274
 44.61  43.51 0.000142
 44.61  43.61 0.000070
 44.61  43.71 0.000033
 44.61  43.81 0.000014
 44.61  43.91 0.000006
 44.61  44.01 0.000002
 44.71  34.51 0.000002
 44.71  34.61 0.000003
 44.71  34.71 0.000004
 44.71  34.81 0.000006
 44.71  34.91 0.000008
 44.71  35.01 0.000010
 44.71  35.11 0.000014
 44.71  35.21 0.000020
 44.71  35.31 0.000028
 44.71  35.41 0.000042
 44.71  35.51 0.000065
 44.71  35.61 0.000107
 44.71  35.71 0.000180
 44.71  35.81 0.000310
 44.71  35.91 0.000531
 44.71  36.01 0.000892
 44.71  36.11 0.001452
 44.71  36.21 0.002268
 44.71  36.31 0.003380
 44.71  36.41 0.004786
 44.71  36.51 0.006428
 44.71  36.61 0.008183
 44.71  36.71 0.009880
 44.71  36.81 0.011334
 44.71  36.91 0.012397
 44.71  37.01 0.013000
 44.71  37.11 0.013173
 44.71  37.21 0.013029
 44.71  37.31 0.012728
 44.71  37.41 0.012431
 44.71  37.51 0.012257
 44.71  37.61 0.012270
 44.71  37.71 0.012483
 44.71  37.81 0.012880
 44.71  37.91 0.013435
 44.71  38.01 0.014132
 44.71  38.11 0.014964
 44.71  38.21 0.015932
 44.71  38.31 0.017029
 44.71  38.41 0.018237
 44.71  38.51 0.019519
 44.71  38.61 0.020817
 44.71  38.71 0.022052
 44.71  38.81 0.023123
 44.71  38.91 0.023917
 44.71  39.01 0.024319
 44.71  39.11 0.024239
 44.71  39.21 0.023638
 44.71  39.31 0.022545
 44.71  39.41 0.021054
 44.71  39.51 0.019305
 44.71  39.61 0.017452
 44.71  39.71 0.015631
 44.71  39.81 0.013944
 44.71  39.91 0.012449
 44.71  40.01 0.011168
 44.71  40.11 0.010101
 44.71  40.21 0.009244
 44.71  40.31 0.008603
 44.71  40.41 0.008197
 44.71  40.51 0.008063
 44.71  40.61 0.008230
 44.71  40.71 0.008706
 44.71  40.81 0.009452
 44.71  40.91 0.010373
 44.71  41.01 0.011321
 44.71  41.11 0.012120
 44.71  41.21 0.012607
 44.71  41.31 0.012676
 44.71  41.41 0.012310
 44.71  41.51 0.011597
 44.71  41.61 0.010702
 44.71  41.71 0.009830
 44.71  41.81 0.009159
 44.71  41.91 0.008788
 44.71  42.01 0.008716
 44.71  42.11 0.008838
 44.71  42.21 0.008984
 44.71  42.31 0.008975
 44.71  42.41 0.008671
 44.71  42.51 0.008015
 44.71  42.61 0.007042
 44.71  42.71 0.005857
 44.71  42.81 0.004602
 44.71  42.91 0.003412
 44.71  43.01 0.002387
 44.71  43.11 0.001575
 44.71  43.21 0.000980
 44.71  43.31 0.000576
 44.71  43.41 0.000320
 44.71  43.51 0.000168
 44.71  43.61 0.000083
 44.71  43.71 0.000039
 44.71  43.81 0.000017
 44.71  43.91 0.000007
 44.71  44.01 0.000003
 44.71  44.11 0.000001
 44.81  34.51 0.000004
 44.81  34.61 0.000006
 44.81  34.71 0.000009
 44.81  34.81 0.000013
 44.81  34.91 0.000017
 44.81  35.01 0.000023
 44.81  35.11 0.000029
 44.81  35.21 0.000037
 44.81  35.31 0.000048
 44.81  35.41 0.000063
 44.81  35.51 0.000085
 44.81  35.61 0.000121
 44.81  35.71 0.000183
 44.81  35.81 0.000293
 44.81  35.91 0.000488
 44.81  36.01 0.000822
 44.81  36.11 0.001363
 44.81  36.21 0.002187
 44.81  36.31 0.003357
 44.81  36.41 0.004895
 44.81  36.51 0.006759
 44.81  36.61 0.008830
 44.81  36.71 0.010915
 44.81  36.81 0.012787
 44.81  36.91 0.014238
 44.81  37.01 0.015133
 44.81  37.11 0.015449
 44.81  37.21 0.015272
 44.81  37.31 0.014766
 44.81  37.41 0.014124
 44.81  37.51 0.013521
 44.81  37.61 0.013084
 44.81  37.71 0.012887
 44.81  37.81 0.012959
 44.81  37.91 0.013306
 44.81  38.01 0.013922
 44.81  38.11 0.014792
 44.81  38.21 0.015893
 44.81  38.31 0.017189
 44.81  38.41 0.018624
 44.81  38.51 0.020130
 44.81  38.61 0.021632
 44.81  38.71 0.023048
 44.81  38.81 0.024294
 44.81  38.91 0.025275
 44.81  39.01 0.025886
 44.81  39.11 0.026026
 44.81  39.21 0.025619
 44.81  39.31 0.024643
 44.81  39.41 0.023144
 44.81  39.51 0.021239
 44.81  39.61 0.019095
 44.81  39.71 0.016898
 44.81  39.81 0.014814
 44.81  39.91 0.012965
 44.81  40.01 0.011413
 44.81  40.11 0.010165
 44.81  40.21 0.009187
 44.81  40.31 0.008440
 44.81  40.41 0.007900
 44.81  40.51 0.007572
 44.81  40.61 0.007490
 44.81  40.71 0.007685
 44.81  40.81 0.008163
 44.81  40.91 0.008868
 44.81  41.01 0.009685
 44.81  41.11 0.010444
 44.81  41.21 0.010972
 44.81  41.31 0.011134
 44.81  41.41 0.010884
 44.81  41.51 0.010282
 44.81  41.61 0.009482
 44.81  41.71 0.008690
 44.81  41.81 0.008099
 44.81  41.91 0.007832
 44.81  42.01 0.007902
 44.81  42.11 0.008216
 44.81  42.21 0.008598
 44.81  42.31 0.008847
 44.81  42.41 0.008794
 44.81  42.51 0.008351
 44.81  42.61 0.007526
 44.81  42.71 0.006414
 44.81  42.81 0.005160
 44.81  42.91 0.003916
 44.81  43.01 0.002803
 44.81  43.11 0.001893
 44.81  43.21 0.001206
 44.81  43.31 0.000726
 44.81  43.41 0.000412
 44.81  43.51 0.000222
 44.81  43.61 0.000113
 44.81  43.71 0.000054
 44.81  43.81 0.000025
 44.81  43.91 0.000011
 44.81  44.01 0.000004
 44.81  44.11 0.000002
 44.91  34.51 0.000009
 44.91  34.61 0.000014
 44.91  34.71 0.000020
 44.91  34.81 0.000028
 44.91  34.91 0.000038
 44.91  35.01 0.000049
 44.91  35.11 0.000062
 44.91  35.21 0.000077
 44.91  35.31 0.000096
 44.91  35.41 0.000119
 44.91  35.51 0.000148
 44.91  35.61 0.000187
 44.91  35.71 0.000247
 44.91  35.81 0.000348
 44.91  35.91 0.000526
 44.91  36.01 0.000839
 44.91  36.11 0.001363
 44.91  36.21 0.002188
 44.91  36.31 0.003398
 44.91  36.41 0.005042
 44.91  36.51 0.007101
 44.91  36.61 0.009465
 44.91  36.71 0.011938
 44.91  36.81 0.014261
 44.91  36.91 0.016176
 44.91  37.01 0.017485
 44.91  37.11 0.018105
 44.91  37.21 0.018078
 44.91  37.31 0.017552
 44.91  37.41 0.016735
 44.91  37.51 0.015842
 44.91  37.61 0.015053
 44.91  37.71 0.014500
 44.91  37.81 0.014259
 44.91  37.91 0.014367
 44.91  38.01 0.014834
 44.91  38.11 0.015643
 44.91  38.21 0.016758
 44.91  38.31 0.018119
 44.91  38.41 0.019645
 44.91  38.51 0.021244
 44.91  38.61 0.022827
 44.91  38.71 0.024315
 44.91  38.81 0.025639
 44.91  38.91 0.026731
 44.91  39.01 0.027507
 44.91  39.11 0.027864
 44.91  39.21 0.027697
 44.91  39.31 0.026929
 44.91  39.41 0.025546
 44.91  39.51 0.023619
 44.91  39.61 0.021302
 44.91  39.71 0.018807
 44.91  39.81 0.016359
 44.91  39.91 0.014145
 44.91  40.01 0.012283
 44.91  40.11 0.010802
 44.91  40.21 0.009660
 44.91  40.31 0.008782
 44.91  40.41 0.008100
 44.91  40.51 0.007588
 44.91  40.61 0.007265
 44.91  40.71 0.007176
 44.91  40.81 0.007359
 44.91  40.91 0.007798
 44.91  41.01 0.008412
 44.91  41.11 0.009054
 44.91  41.21 0.009550
 44.91  41.31 0.009755
 44.91  41.41 0.009598
 44.91  41.51 0.009115
 44.91  41.61 0.008444
 44.91  41.71 0.007781
 44.91  41.81 0.007322
 44.91  41.91 0.007203
 44.91  42.01 0.007452
 44.91  42.11 0.007983
 44.91  42.21 0.008618
 44.91  42.31 0.009137
 44.91  42.41 0.009343
 44.91  42.51 0.009113
 44.91  42.61 0.008427
 44.91  42.71 0.007366
 44.91  42.81 0.006078
 44.91  42.91 0.004733
 44.91  43.01 0.003477
 44.91  43.11 0.002411
 44.91  43.21 0.001579
 44.91  43.31 0.000977
 44.91  43.41 0.000571
 44.91  43.51 0.000316
 44.91  43.61 0.000165
 44.91  43.71 0.000082
 44.91  43.81 0.000038
 44.91  43.91 0.000017
 44.91  44.01 0.000007
 44.91  44.11 0.000003
 44.91  44.21 0.000001
 45.01  34.51 0.000019
 45.01  34.61 0.000029
 45.01  34.71 0.000042
 45.01  34.81 0.000058
 45.01  34.91 0.000078
 45.01  35.01 0.000100
 45.01  35.11 0.000126
 45.01  35.21 0.000156
 45.01  35.31 0.000191
 45.01  35.41 0.000231
 45.01  35.51 0.000276
 45.01  35.61 0.000330
 45.01  35.71 0.000398
 45.01  35.81 0.000498
 45.01  35.91 0.000664
 45.01  36.01 0.000953
 45.01  36.11 0.001447
 45.01  36.21 0.002248
 45.01  36.31 0.003460
 45.01  36.41 0.005157
 45.01  36.51 0.007348
 45.01  36.61 0.009949
 45.01  36.71 0.012771
 45.01  36.81 0.015544
 45.01  36.91 0.017973
 45.01  37.01 0.019803
 45.01  37.11 0.020885
 45.01  37.21 0.021204
 45.01  37.31 0.020869
 45.01  37.41 0.020082
 45.01  37.51 0.019076
 45.01  37.61 0.018075
 45.01  37.71 0.017258
 45.01  37.81 0.016751
 45.01  37.91 0.016626
 45.01  38.01 0.016909
 45.01  38.11 0.017589
 45.01  38.21 0.018620
 45.01  38.31 0.019927
 45.01  38.41 0.021414
 45.01  38.51 0.022974
 45.01  38.61 0.024507
 45.01  38.71 0.025939
 45.01  38.81 0.027220
 45.01  38.91 0.028313
 45.01  39.01 0.029162
 45.01  39.11 0.029677
 45.01  39.21 0.029735
 45.01  39.31 0.029211
 45.01  39.41 0.028023
 45.01  39.51 0.026177
 45.01  39.61 0.023794
 45.01  39.71 0.021087
 45.01  39.81 0.018325
 45.01  39.91 0.015757
 45.01  40.01 0.013562
 45.01  40.11 0.011807
 45.01  40.21 0.010460
 45.01  40.31 0.009423
 45.01  40.41 0.008591
 45.01  40.51 0.007901
 45.01  40.61 0.007351
 45.01  40.71 0.006988
 45.01  40.81 0.006867
 45.01  40.91 0.007011
 45.01  41.01 0.007372
 45.01  41.11 0.007833
 45.01  41.21 0.008236
 45.01  41.31 0.008437
 45.01  41.41 0.008352
 45.01  41.51 0.007998
 45.01  41.61 0.007492
 45.01  41.71 0.007014
 45.01  41.81 0.006758
 45.01  41.91 0.006861
 45.01  42.01 0.007360
 45.01  42.11 0.008174
 45.01  42.21 0.009118
 45.01  42.31 0.009952
 45.01  42.41 0.010446
 45.01  42.51 0.010442
 45.01  42.61 0.009888
 45.01  42.71 0.008849
 45.01  42.81 0.007478
 45.01  42.91 0.005965
 45.01  43.01 0.004493
 45.01  43.11 0.003196
 45.01  43.21 0.002148
 45.01  43.31 0.001364
 45.01  43.41 0.000820
 45.01  43.51 0.000466
 45.01  43.61 0.000250
 45.01  43.71 0.000128
 45.01  43.81 0.000062
 45.01  43.91 0.000028
 45.01  44.01 0.000012
 45.01  44.11 0.000005
 45.01  44.21 0.000002
 45.11  34.51 0.000035
 45.11  34.61 0.000055
 45.11  34.71 0.000081
 45.11  34.81 0.000113
 45.11  34.91 0.000151
 45.11  35.01 0.000194
 45.11  35.11 0.000244
 45.11  35.21 0.000299
 45.11  35.31 0.000362
 45.11  35.41 0.000432
 45.11  35.51 0.000509
 45.11  35.61 0.000591
 45.11  35.71 0.000681
 45.11  35.81 0.000789
 45.11  35.91 0.000945
 45.11  36.01 0.001203
 45.11  36.11 0.001646
 45.11  36.21 0.002386
 45.11  36.31 0.003543
 45.11  36.41 0.005218
 45.11  36.51 0.007453
 45.11  36.61 0.010199
 45.11  36.71 0.013291
 45.11  36.81 0.016469
 45.11  36.91 0.019417
 45.11  37.01 0.021837
 45.11  37.11 0.023513
 45.11  37.21 0.024358
 45.11  37.31 0.024427
 45.11  37.41 0.023884
 45.11  37.51 0.022964
 45.11  37.61 0.021915
 45.11  37.71 0.020958
 45.11  37.81 0.020264
 45.11  37.91 0.019942
 45.11  38.01 0.020041
 45.11  38.11 0.020557
 45.11  38.21 0.021443
 45.11  38.31 0.022615
 45.11  38.41 0.023965
 45.11  38.51 0.025376
 45.11  38.61 0.026743
 45.11  38.71 0.027999
 45.11  38.81 0.029112
 45.11  38.91 0.030077
 45.11  39.01 0.030873
 45.11  39.11 0.031436
 45.11  39.21 0.031639
 45.11  39.31 0.031321
 45.11  39.41 0.030335
 45.11  39.51 0.028621
 45.11  39.61 0.026243
 45.11  39.71 0.023402
 45.11  39.81 0.020385
 45.11  39.91 0.017496
 45.11  40.01 0.014970
 45.11  40.11 0.012924
 45.11  40.21 0.011347
 45.11  40.31 0.010133
 45.11  40.41 0.009149
 45.11  40.51 0.008297
 45.11  40.61 0.007548
 45.11  40.71 0.006939
 45.11  40.81 0.006534
 45.11  40.91 0.006382
 45.11  41.01 0.006468
 45.11  41.11 0.006710
 45.11  41.21 0.006978
 45.11  41.31 0.007137
 45.11  41.41 0.007105
 45.11  41.51 0.006884
 45.11  41.61 0.006572
 45.11  41.71 0.006333
 45.11  41.81 0.006348
 45.11  41.91 0.006754
 45.11  42.01 0.007589
 45.11  42.11 0.008770
 45.11  42.21 0.010101
 45.11  42.31 0.011317
 45.11  42.41 0.012149
 45.11  42.51 0.012397
 45.11  42.61 0.011975
 45.11  42.71 0.010933
 45.11  42.81 0.009427
 45.11  42.91 0.007678
 45.11  43.01 0.005907
 45.11  43.11 0.004295
 45.11  43.21 0.002952
 45.11  43.31 0.001919
 45.11  43.41 0.001180
 45.11  43.51 0.000687
 45.11  43.61 0.000379
 45.11  43.71 0.000198
 45.11  43.81 0.000099
 45.11  43.91 0.000047
 45.11  44.01 0.000021
 45.11  44.11 0.000009
 45.11  44.21 0.000004
 45.11  44.31 0.000002
 45.21  34.51 0.000063
 45.21  34.61 0.000098
 45.21  34.71 0.000146
 45.21  34.81 0.000205
 45.21  34.91 0.000275
 45.21  35.01 0.000355
 45.21  35.11 0.000444
 45.21  35.21 0.000542
 45.21  35.31 0.000651
 45.21  35.41 0.000771
 45.21  35.51 0.000899
 45.21  35.61 0.001030
 45.21  35.71 0.001159
 45.21  35.81 0.001289
 45.21  35.91 0.001439
 45.21  36.01 0.001658
 45.21  36.11 0.002027
 45.21  36.21 0.002663
 45.21  36.31 0.003699
 45.21  36.41 0.005263
 45.21  36.51 0.007434
 45.21  36.61 0.010204
 45.21  36.71 0.013451
 45.21  36.81 0.016942
 45.21  36.91 0.020364
 45.21  37.01 0.023386
 45.21  37.11 0.025735
 45.21  37.21 0.027248
 45.21  37.31 0.027901
 45.21  37.41 0.027805
 45.21  37.51 0.027167
 45.21  37.61 0.026242
 45.21  37.71 0.025283
 45.21  37.81 0.024500
 45.21  37.91 0.024041
 45.21  38.01 0.023984
 45.21  38.11 0.024338
 45.21  38.21 0.025060
 45.21  38.31 0.026061
 45.21  38.41 0.027224
 45.21  38.51 0.028424
 45.21  38.61 0.029553
 45.21  38.71 0.030545
 45.21  38.81 0.031386
 45.21  38.91 0.032100
 45.21  39.01 0.032704
 45.21  39.11 0.033166
 45.21  39.21 0.033375
 45.21  39.31 0.033149
 45.21  39.41 0.032298
 45.21  39.51 0.030694
 45.21  39.61 0.028348
 45.21  39.71 0.025426
 45.21  39.81 0.022217
 45.21  39.91 0.019060
 45.21  40.01 0.016238
 45.21  40.11 0.013916
 45.21  40.21 0.012109
 45.21  40.31 0.010719
 45.21  40.41 0.009595
 45.21  40.51 0.008609
 45.21  40.61 0.007703
 45.21  40.71 0.006895
 45.21  40.81 0.006250
 45.21  40.91 0.005831
 45.21  41.01 0.005653
 45.21  41.11 0.005669
 45.21  41.21 0.005779
 45.21  41.31 0.005872
 45.21  41.41 0.005873
 45.21  41.51 0.005779
 45.21  41.61 0.005674
 45.21  41.71 0.005705
 45.21  41.81 0.006043
 45.21  41.91 0.006816
 45.21  42.01 0.008060
 45.21  42.11 0.009686
 45.21  42.21 0.011481
 45.21  42.31 0.013146
 45.21  42.41 0.014371
 45.21  42.51 0.014907
 45.21  42.61 0.014631
 45.21  42.71 0.013573
 45.21  42.81 0.011897
 45.21  42.91 0.009854
 45.21  43.01 0.007715
 45.21  43.11 0.005712
 45.21  43.21 0.004001
 45.21  43.31 0.002651
 45.21  43.41 0.001664
 45.21  43.51 0.000989
 45.21  43.61 0.000558
 45.21  43.71 0.000300
 45.21  43.81 0.000154
 45.21  43.91 0.000076
 45.21  44.01 0.000036
 45.21  44.11 0.000017
 45.21  44.21 0.000008
 45.21  44.31 0.000004
 45.21  44.41 0.000002
 45.31  34.51 0.000105
 45.31  34.61 0.000166
 45.31  34.71 0.000247
 45.31  34.81 0.000350
 45.31  34.91 0.000471
 45.31  35.01 0.000609
 45.31  35.11 0.000761
 45.31  35.21 0.000927
 45.31  35.31 0.001106
 45.31  35.41 0.001301
 45.31  35.51 0.001505
 45.31  35.61 0.001710
 45.31  35.71 0.001903
 45.31  35.81 0.002073
 45.31  35.91 0.002229
 45.31  36.01 0.002406
 45.31  36.11 0.002681
 45.31  36.21 0.003171
 45.31  36.31 0.004022
 45.31  36.41 0.005385
 45.31  36.51 0.007377
 45.31  36.61 0.010038
 45.31  36.71 0.013300
 45.31  36.81 0.016973
 45.31  36.91 0.020768
 45.31  37.01 0.024343
 45.31  37.11 0.027376
 45.31  37.21 0.029629
 45.31  37.31 0.030992
 45.31  37.41 0.031502
 45.31  37.51 0.031316
 45.31  37.61 0.030676
 45.31  37.71 0.029849
 45.31  37.81 0.029081
 45.31  37.91 0.028559
 45.31  38.01 0.028393
 45.31  38.11 0.028615
 45.31  38.21 0.029191
 45.31  38.31 0.030031
 45.31  38.41 0.031014
 45.31  38.51 0.032003
 45.31  38.61 0.032881
 45.31  38.71 0.033580
 45.31  38.81 0.034092
 45.31  38.91 0.034462
 45.31  39.01 0.034744
 45.31  39.11 0.034944
 45.31  39.21 0.034979
 45.31  39.31 0.034675
 45.31  39.41 0.033819
 45.31  39.51 0.032240
 45.31  39.61 0.029898
 45.31  39.71 0.026920
 45.31  39.81 0.023581
 45.31  39.91 0.020228
 45.31  40.01 0.017178
 45.31  40.11 0.014630
 45.31  40.21 0.012629
 45.31  40.31 0.011089
 45.31  40.41 0.009851
 45.31  40.51 0.008766
 45.31  40.61 0.007751
 45.31  40.71 0.006802
 45.31  40.81 0.005974
 45.31  40.91 0.005338
 45.31  41.01 0.004930
 45.31  41.11 0.004734
 45.31  41.21 0.004683
 45.31  41.31 0.004695
 45.31  41.41 0.004709
 45.31  41.51 0.004725
 45.31  41.61 0.004817
 45.31  41.71 0.005122
 45.31  41.81 0.005797
 45.31  41.91 0.006964
 45.31  42.01 0.008655
 45.31  42.11 0.010770
 45.31  42.21 0.013075
 45.31  42.31 0.015239
 45.31  42.41 0.016900
 45.31  42.51 0.017760
 45.31  42.61 0.017653
 45.31  42.71 0.016586
 45.31  42.81 0.014732
 45.31  42.91 0.012372
 45.31  43.01 0.009829
 45.31  43.11 0.007389
 45.31  43.21 0.005258
 45.31  43.31 0.003545
 45.31  43.41 0.002266
 45.31  43.51 0.001376
 45.31  43.61 0.000795
 45.31  43.71 0.000439
 45.31  43.81 0.000233
 45.31  43.91 0.000120
 45.31  44.01 0.000061
 45.31  44.11 0.000031
 45.31  44.21 0.000015
 45.31  44.31 0.000008
 45.31  44.41 0.000004
 45.31  44.51 0.000002
 45.41  34.51 0.000164
 45.41  34.61 0.000262
 45.41  34.71 0.000394
 45.41  34.81 0.000561
 45.41  34.91 0.000760
 45.41  35.01 0.000984
 45.41  35.11 0.001229
 45.41  35.21 0.001493
 45.41  35.31 0.001774
 45.41  35.41 0.002072
 45.41  35.51 0.002384
 45.41  35.61 0.002693
 45.41  35.71 0.002977
 45.41  35.81 0.003213
 45.41  35.91 0.003390
 45.41  36.01 0.003530
 45.41  36.11 0.003700
 45.41  36.21 0.004013
 45.41  36.31 0.004625
 45.41  36.41 0.005709
 45.41  36.51 0.007418
 45.41  36.61 0.009842
 45.41  36.71 0.012973
 45.41  36.81 0.016677
 45.41  36.91 0.020705
 45.41  37.01 0.024723
 45.41  37.11 0.028376
 45.41  37.21 0.031360
 45.41  37.31 0.033480
 45.41  37.41 0.034685
 45.41  37.51 0.035068
 45.41  37.61 0.034838
 45.41  37.71 0.034260
 45.41  37.81 0.033604
 45.41  37.91 0.033093
 45.41  38.01 0.032874
 45.41  38.11 0.033012
 45.41  38.21 0.033488
 45.41  38.31 0.034220
 45.41  38.41 0.035081
 45.41  38.51 0.035921
 45.41  38.61 0.036606
 45.41  38.71 0.037050
 45.41  38.81 0.037239
 45.41  38.91 0.037226
 45.41  39.01 0.037090
 45.41  39.11 0.036880
 45.41  39.21 0.036553
 45.41  39.31 0.035970
 45.41  39.41 0.034924
 45.41  39.51 0.033235
 45.41  39.61 0.030826
 45.41  39.71 0.027790
 45.41  39.81 0.024374
 45.41  39.91 0.020913
 45.41  40.01 0.017730
 45.41  40.11 0.015043
 45.41  40.21 0.012917
 45.41  40.31 0.011276
 45.41  40.41 0.009964
 45.41  40.51 0.008820
 45.41  40.61 0.007740
 45.41  40.71 0.006701
 45.41  40.81 0.005746
 45.41  40.91 0.004944
 45.41  41.01 0.004347
 45.41  41.11 0.003964
 45.41  41.21 0.003761
 45.41  41.31 0.003680
 45.41  41.41 0.003684
 45.41  41.51 0.003778
 45.41  41.61 0.004035
 45.41  41.71 0.004582
 45.41  41.81 0.005568
 45.41  41.91 0.007108
 45.41  42.01 0.009230
 45.41  42.11 0.011824
 45.41  42.21 0.014638
 45.41  42.31 0.017305
 45.41  42.41 0.019417
 45.41  42.51 0.020623
 45.41  42.61 0.020712
 45.41  42.71 0.019668
 45.41  42.81 0.017663
 45.41  42.91 0.015007
 45.41  43.01 0.012070
 45.41  43.11 0.009195
 45.41  43.21 0.006638
 45.41  43.31 0.004547
 45.41  43.41 0.002960
 45.41  43.51 0.001836
 45.41  43.61 0.001089
 45.41  43.71 0.000622
 45.41  43.81 0.000345
 45.41  43.91 0.000188
 45.41  44.01 0.000102
 45.41  44.11 0.000055
 45.41  44.21 0.000030
 45.41  44.31 0.000016
 45.41  44.41 0.000008
 45.41  44.51 0.000004
 45.41  44.61 0.000002
 45.51  34.51 0.000241
 45.51  34.61 0.000388
 45.51  34.71 0.000589
 45.51  34.81 0.000844
 45.51  34.91 0.001150
 45.51  35.01 0.001495
 45.51  35.11 0.001870
 45.51  35.21 0.002266
 45.51  35.31 0.002681
 45.51  35.41 0.003116
 45.51  35.51 0.003564
 45.51  35.61 0.004008
 45.51  35.71 0.004413
 45.51  35.81 0.004741
 45.51  35.91 0.004962
 45.51  36.01 0.005080
 45.51  36.11 0.005145
 45.51  36.21 0.005268
 45.51  36.31 0.005611
 45.51  36.41 0.006364
 45.51  36.51 0.007714
 45.51  36.61 0.009799
 45.51  36.71 0.012671
 45.51  36.81 0.016258
 45.51  36.91 0.020359
 45.51  37.01 0.024665
 45.51  37.11 0.028807
 45.51  37.21 0.032430
 45.51  37.31 0.035261
 45.51  37.41 0.037164
 45.51  37.51 0.038160
 45.51  37.61 0.038409
 45.51  37.71 0.038160
 45.51  37.81 0.037692
 45.51  37.91 0.037259
 45.51  38.01 0.037046
 45.51  38.11 0.037154
 45.51  38.21 0.037594
 45.51  38.31 0.038297
 45.51  38.41 0.039134
 45.51  38.51 0.039938
 45.51  38.61 0.040546
 45.51  38.71 0.040839
 45.51  38.81 0.040777
 45.51  38.91 0.040405
 45.51  39.01 0.039814
 45.51  39.11 0.039088
 45.51  39.21 0.038238
 45.51  39.31 0.037180
 45.51  39.41 0.035752
 45.51  39.51 0.033792
 45.51  39.61 0.031221
 45.51  39.71 0.028103
 45.51  39.81 0.024653
 45.51  39.91 0.021176
 45.51  40.01 0.017975
 45.51  40.11 0.015262
 45.51  40.21 0.013106
 45.51  40.31 0.011438
 45.51  40.41 0.010103
 45.51  40.51 0.008937
 45.51  40.61 0.007824
 45.51  40.71 0.006728
 45.51  40.81 0.005680
 45.51  40.91 0.004748
 45.51  41.01 0.003992
 45.51  41.11 0.003441
 45.51  41.21 0.003086
 45.51  41.31 0.002901
 45.51  41.41 0.002864
 45.51  41.51 0.002993
 45.51  41.61 0.003361
 45.51  41.71 0.004088
 45.51  41.81 0.005317
 45.51  41.91 0.007160
 45.51  42.01 0.009640
 45.51  42.11 0.012644
 45.51  42.21 0.015904
 45.51  42.31 0.019025
 45.51  42.41 0.021560
 45.51  42.51 0.023108
 45.51  42.61 0.023416
 45.51  42.71 0.022438
 45.51  42.81 0.020343
 45.51  42.91 0.017461
 45.51  43.01 0.014198
 45.51  43.11 0.010947
 45.51  43.21 0.008012
 45.51  43.31 0.005576
 45.51  43.41 0.003700
 45.51  43.51 0.002351
 45.51  43.61 0.001440
 45.51  43.71 0.000857
 45.51  43.81 0.000502
 45.51  43.91 0.000292
 45.51  44.01 0.000170
 45.51  44.11 0.000099
 45.51  44.21 0.000057
 45.51  44.31 0.000033
 45.51  44.41 0.000018
 45.51  44.51 0.000009
 45.51  44.61 0.000005
 45.51  44.71 0.000002
 45.51  44.81 0.000001
 45.61  34.51 0.000332
 45.61  34.61 0.000539
 45.61  34.71 0.000825
 45.61  34.81 0.001193
 45.61  34.91 0.001635
 45.61  35.01 0.002135
 45.61  35.11 0.002675
 45.61  35.21 0.003240
 45.61  35.31 0.003823
 45.61  35.41 0.004422
 45.61  35.51 0.005031
 45.61  35.61 0.005631
 45.61  35.71 0.006181
 45.61  35.81 0.006626
 45.61  35.91 0.006916
 45.61  36.01 0.007033
 45.61  36.11 0.007012
 45.61  36.21 0.006955
 45.61  36.31 0.007027
 45.61  36.41 0.007434
 45.61  36.51 0.008391
 45.61  36.61 0.010080
 45.61  36.71 0.012605
 45.61  36.81 0.015955
 45.61  36.91 0.019980
 45.61  37.01 0.024403
 45.61  37.11 0.028859
 45.61  37.21 0.032956
 45.61  37.31 0.036365
 45.61  37.41 0.038875
 45.61  37.51 0.040439
 45.61  37.61 0.041164
 45.61  37.71 0.041271
 45.61  37.81 0.041037
 45.61  37.91 0.040733
 45.61  38.01 0.040580
 45.61  38.11 0.040717
 45.61  38.21 0.041191
 45.61  38.31 0.041958
 45.61  38.41 0.042887
 45.61  38.51 0.043794
 45.61  38.61 0.044476
 45.61  38.71 0.044767
 45.61  38.81 0.044584
 45.61  38.91 0.043937
 45.61  39.01 0.042917
 45.61  39.11 0.041635
 45.61  39.21 0.040159
 45.61  39.31 0.038478
 45.61  39.41 0.036504
 45.61  39.51 0.034127
 45.61  39.61 0.031294
 45.61  39.71 0.028061
 45.61  39.81 0.024609
 45.61  39.91 0.021201
 45.61  40.01 0.018099
 45.61  40.11 0.015485
 45.61  40.21 0.013411
 45.61  40.31 0.011801
 45.61  40.41 0.010502
 45.61  40.51 0.009349
 45.61  40.61 0.008222
 45.61  40.71 0.007079
 45.61  40.81 0.005946
 45.61  40.91 0.004888
 45.61  41.01 0.003975
 45.61  41.11 0.003252
 45.61  41.21 0.002735
 45.61  41.31 0.002418
 45.61  41.41 0.002300
 45.61  41.51 0.002408
 45.61  41.61 0.002816
 45.61  41.71 0.003640
 45.61  41.81 0.005014
 45.61  41.91 0.007049
 45.61  42.01 0.009767
 45.61  42.11 0.013057
 45.61  42.21 0.016643
 45.61  42.31 0.020117
 45.61  42.41 0.022999
 45.61  42.51 0.024854
 45.61  42.61 0.025388
 45.61  42.71 0.024528
 45.61  42.81 0.022428
 45.61  42.91 0.019427
 45.61  43.01 0.015957
 45.61  43.11 0.012446
 45.61  43.21 0.009234
 45.61  43.31 0.006537
 45.61  43.41 0.004434
 45.61  43.51 0.002902
 45.61  43.61 0.001849
 45.61  43.71 0.001159
 45.61  43.81 0.000724
 45.61  43.91 0.000453
 45.61  44.01 0.000284
 45.61  44.11 0.000177
 45.61  44.21 0.000109
 45.61  44.31 0.000065
 45.61  44.41 0.000037
 45.61  44.51 0.000020
 45.61  44.61 0.000010
 45.61  44.71 0.000005
 45.61  44.81 0.000002
 45.71  34.51 0.000428
 45.71  34.61 0.000703
 45.71  34.71 0.001085
 45.71  34.81 0.001581
 45.71  34.91 0.002182
 45.71  35.01 0.002865
 45.71  35.11 0.003600
 45.71  35.21 0.004363
 45.71  35.31 0.005137
 45.71  35.41 0.005919
 45.71  35.51 0.006704
 45.71  35.61 0.007471
 45.71  35.71 0.008176
 45.71  35.81 0.008752
 45.71  35.91 0.009131
 45.71  36.01 0.009274
 45.71  36.11 0.009199
 45.71  36.21 0.008997
 45.71  36.31 0.008832
 45.71  36.41 0.008921
 45.71  36.51 0.009503
 45.71  36.61 0.010794
 45.71  36.71 0.012942
 45.71  36.81 0.015985
 45.71  36.91 0.019821
 45.71  37.01 0.024206
 45.71  37.11 0.028784
 45.71  37.21 0.033150
 45.71  37.31 0.036934
 45.71  37.41 0.039877
 45.71  37.51 0.041876
 45.71  37.61 0.042993
 45.71  37.71 0.043419
 45.71  37.81 0.043420
 45.71  37.91 0.043274
 45.71  38.01 0.043227
 45.71  38.11 0.043452
 45.71  38.21 0.044035
 45.71  38.31 0.044956
 45.71  38.41 0.046093
 45.71  38.51 0.047241
 45.71  38.61 0.048153
 45.71  38.71 0.048606
 45.71  38.81 0.048454
 45.71  38.91 0.047660
 45.71  39.01 0.046296
 45.71  39.11 0.044488
 45.71  39.21 0.042361
 45.71  39.31 0.039986
 45.71  39.41 0.037367
 45.71  39.51 0.034476
 45.71  39.61 0.031308
 45.71  39.71 0.027930
 45.71  39.81 0.024500
 45.71  39.91 0.021231
 45.71  40.01 0.018331
 45.71  40.11 0.015931
 45.71  40.21 0.014050
 45.71  40.31 0.012591
 45.71  40.41 0.011392
 45.71  40.51 0.010287
 45.71  40.61 0.009157
 45.71  40.71 0.007959
 45.71  40.81 0.006722
 45.71  40.91 0.005515
 45.71  41.01 0.004417
 45.71  41.11 0.003491
 45.71  41.21 0.002773
 45.71  41.31 0.002279
 45.71  41.41 0.002026
 45.71  41.51 0.002047
 45.71  41.61 0.002415
 45.71  41.71 0.003239
 45.71  41.81 0.004646
 45.71  41.91 0.006741
 45.71  42.01 0.009549
 45.71  42.11 0.012964
 45.71  42.21 0.016718
 45.71  42.31 0.020399
 45.71  42.41 0.023518
 45.71  42.51 0.025613
 45.71  42.61 0.026362
 45.71  42.71 0.025663
 45.71  42.81 0.023653
 45.71  42.91 0.020664
 45.71  43.01 0.017138
 45.71  43.11 0.013523
 45.71  43.21 0.010182
 45.71  43.31 0.007349
 45.71  43.41 0.005121
 45.71  43.51 0.003477
 45.71  43.61 0.002327
 45.71  43.71 0.001553
 45.71  43.81 0.001041
 45.71  43.91 0.000702
 45.71  44.01 0.000471
 45.71  44.11 0.000312
 45.71  44.21 0.000200
 45.71  44.31 0.000123
 45.71  44.41 0.000072
 45.71  44.51 0.000040
 45.71  44.61 0.000021
 45.71  44.71 0.000010
 45.71  44.81 0.000005
 45.71  44.91 0.000002
 45.81  34.51 0.000518
 45.81  34.61 0.000858
 45.81  34.71 0.001338
 45.81  34.81 0.001967
 45.81  34.91 0.002735
 45.81  35.01 0.003612
 45.81  35.11 0.004557
 45.81  35.21 0.005532
 45.81  35.31 0.006509
 45.81  35.41 0.007478
 45.81  35.51 0.008434
 45.81  35.61 0.009360
 45.81  35.71 0.010212
 45.81  35.81 0.010918
 45.81  35.91 0.011398
 45.81  36.01 0.011593
 45.81  36.11 0.011505
 45.81  36.21 0.011212
 45.81  36.31 0.010876
 45.81  36.41 0.010719
 45.81  36.51 0.010995
 45.81  36.61 0.011945
 45.81  36.71 0.013748
 45.81  36.81 0.016478
 45.81  36.91 0.020068
 45.81  37.01 0.024300
 45.81  37.11 0.028829
 45.81  37.21 0.033249
 45.81  37.31 0.037173
 45.81  37.41 0.040315
 45.81  37.51 0.042544
 45.81  37.61 0.043894
 45.81  37.71 0.044536
 45.81  37.81 0.044723
 45.81  37.91 0.044733
 45.81  38.01 0.044823
 45.81  38.11 0.045192
 45.81  38.21 0.045955
 45.81  38.31 0.047115
 45.81  38.41 0.048559
 45.81  38.51 0.050062
 45.81  38.61 0.051335
 45.81  38.71 0.052090
 45.81  38.81 0.052113
 45.81  38.91 0.051309
 45.81  39.01 0.049719
 45.81  39.11 0.047476
 45.81  39.21 0.044754
 45.81  39.31 0.041705
 45.81  39.41 0.038434
 45.81  39.51 0.035004
 45.81  39.61 0.031477
 45.81  39.71 0.027948
 45.81  39.81 0.024558
 45.81  39.91 0.021478
 45.81  40.01 0.018855
 45.81  40.11 0.016762
 45.81  40.21 0.015167
 45.81  40.31 0.013943
 45.81  40.41 0.012910
 45.81  40.51 0.011893
 45.81  40.61 0.010774
 45.81  40.71 0.009513
 45.81  40.81 0.008144
 45.81  40.91 0.006747
 45.81  41.01 0.005415
 45.81  41.11 0.004231
 45.81  41.21 0.003254
 45.81  41.31 0.002521
 45.81  41.41 0.002064
 45.81  41.51 0.001923
 45.81  41.61 0.002168
 45.81  41.71 0.002896
 45.81  41.81 0.004222
 45.81  41.91 0.006243
 45.81  42.01 0.008988
 45.81  42.11 0.012361
 45.81  42.21 0.016110
 45.81  42.31 0.019838
 45.81  42.41 0.023060
 45.81  42.51 0.025308
 45.81  42.61 0.026243
 45.81  42.71 0.025736
 45.81  42.81 0.023901
 45.81  42.91 0.021056
 45.81  43.01 0.017635
 45.81  43.11 0.014088
 45.81  43.21 0.010786
 45.81  43.31 0.007970
 45.81  43.41 0.005742
 45.81  43.51 0.004082
 45.81  43.61 0.002899
 45.81  43.71 0.002074
 45.81  43.81 0.001496
 45.81  43.91 0.001079
 45.81  44.01 0.000768
 45.81  44.11 0.000531
 45.81  44.21 0.000353
 45.81  44.31 0.000224
 45.81  44.41 0.000134
 45.81  44.51 0.000076
 45.81  44.61 0.000040
 45.81  44.71 0.000020
 45.81  44.81 0.000009
 45.81  44.91 0.000004
 45.81  45.01 0.000002
 45.81  45.51 0.000001
 45.81  45.61 0.000001
 45.81  45.71 0.000002
 45.91  34.51 0.000587
 45.91  34.61 0.000983
 45.91  34.71 0.001548
 45.91  34.81 0.002296
 45.91  34.91 0.003218
 45.91  35.01 0.004279
 45.91  35.11 0.005427
 45.91  35.21 0.006606
 45.91  35.31 0.007776
 45.91  35.41 0.008918
 45.91  35.51 0.010024
 45.91  35.61 0.011084
 45.91  35.71 0.012056
 45.91  35.81 0.012873
 45.91  35.91 0.013448
 45.91  36.01 0.013713
 45.91  36.11 0.013655
 45.91  36.21 0.013340
 45.91  36.31 0.012921
 45.91  36.41 0.012622
 45.91  36.51 0.012702
 45.91  36.61 0.013417
 45.91  36.71 0.014963
 45.91  36.81 0.017435
 45.91  36.91 0.020783
 45.91  37.01 0.024803
 45.91  37.11 0.029160
 45.91  37.21 0.033449
 45.91  37.31 0.037282
 45.91  37.41 0.040370
 45.91  37.51 0.042584
 45.91  37.61 0.043955
 45.91  37.71 0.044653
 45.91  37.81 0.044928
 45.91  37.91 0.045054
 45.91  38.01 0.045290
 45.91  38.11 0.045847
 45.91  38.21 0.046852
 45.91  38.31 0.048323
 45.91  38.41 0.050148
 45.91  38.51 0.052084
 45.91  38.61 0.053800
 45.91  38.71 0.054948
 45.91  38.81 0.055248
 45.91  38.91 0.054549
 45.91  39.01 0.052855
 45.91  39.11 0.050302
 45.91  39.21 0.047103
 45.91  39.31 0.043484
 45.91  39.41 0.039642
 45.91  39.51 0.035733
 45.91  39.61 0.031886
 45.91  39.71 0.028232
 45.91  39.81 0.024909
 45.91  39.91 0.022048
 45.91  40.01 0.019744
 45.91  40.11 0.018011
 45.91  40.21 0.016766
 45.91  40.31 0.015844
 45.91  40.41 0.015037
 45.91  40.51 0.014156
 45.91  40.61 0.013077
 45.91  40.71 0.011761
 45.91  40.81 0.010247
 45.91  40.91 0.008627
 45.91  41.01 0.007014
 45.91  41.11 0.005512
 45.91  41.21 0.004206
 45.91  41.31 0.003161
 45.91  41.41 0.002424
 45.91  41.51 0.002045
 45.91  41.61 0.002085
 45.91  41.71 0.002628
 45.91  41.81 0.003773
 45.91  41.91 0.005606
 45.91  42.01 0.008154
 45.91  42.11 0.011335
 45.91  42.21 0.014921
 45.91  42.31 0.018543
 45.91  42.41 0.021739
 45.91  42.51 0.024049
 45.91  42.61 0.025126
 45.91  42.71 0.024825
 45.91  42.81 0.023232
 45.91  42.91 0.020640
 45.91  43.01 0.017467
 45.91  43.11 0.014148
 45.91  43.21 0.011049
 45.91  43.31 0.008405
 45.91  43.41 0.006309
 45.91  43.51 0.004739
 45.91  43.61 0.003597
 45.91  43.71 0.002764
 45.91  43.81 0.002133
 45.91  43.91 0.001629
 45.91  44.01 0.001214
 45.91  44.11 0.000870
 45.91  44.21 0.000594
 45.91  44.31 0.000384
 45.91  44.41 0.000234
 45.91  44.51 0.000134
 45.91  44.61 0.000072
 45.91  44.71 0.000036
 45.91  44.81 0.000017
 45.91  44.91 0.000008
 45.91  45.01 0.000004
 45.91  45.11 0.000002
 45.91  45.21 0.000002
 45.91  45.31 0.000002
 45.91  45.41 0.000002
 45.91  45.51 0.000003
 45.91  45.61 0.000004
 45.91  45.71 0.000004
 45.91  45.81 0.000005
 46.01  34.51 0.000624
 46.01  34.61 0.001056
 46.01  34.71 0.001679
 46.01  34.81 0.002515
 46.01  34.91 0.003556
 46.01  35.01 0.004765
 46.01  35.11 0.006080
 46.01  35.21 0.007432
 46.01  35.31 0.008765
 46.01  35.41 0.010048
 46.01  35.51 0.011271
 46.01  35.61 0.012423
 46.01  35.71 0.013476
 46.01  35.81 0.014369
 46.01  35.91 0.015021
 46.01  36.01 0.015361
 46.01  36.11 0.015368
 46.01  36.21 0.015099
 46.01  36.31 0.014695
 46.01  36.41 0.014373
 46.01  36.51 0.014390
 46.01  36.61 0.015003
 46.01  36.71 0.016415
 46.01  36.81 0.018724
 46.01  36.91 0.021883
 46.01  37.01 0.025691
 46.01  37.11 0.029809
 46.01  37.21 0.033835
 46.01  37.31 0.037389
 46.01  37.41 0.040198
 46.01  37.51 0.042155
 46.01  37.61 0.043320
 46.01  37.71 0.043884
 46.01  37.81 0.044108
 46.01  37.91 0.044274
 46.01  38.01 0.044637
 46.01  38.11 0.045402
 46.01  38.21 0.046695
 46.01  38.31 0.048530
 46.01  38.41 0.050782
 46.01  38.51 0.053186
 46.01  38.61 0.055372
 46.01  38.71 0.056942
 46.01  38.81 0.057561
 46.01  38.91 0.057031
 46.01  39.01 0.055329
 46.01  39.11 0.052593
 46.01  39.21 0.049068
 46.01  39.31 0.045040
 46.01  39.41 0.040781
 46.01  39.51 0.036524
 46.01  39.61 0.032459
 46.01  39.71 0.028746
 46.01  39.81 0.025523
 46.01  39.91 0.022897
 46.01  40.01 0.020920
 46.01  40.11 0.019558
 46.01  40.21 0.018687
 46.01  40.31 0.018102
 46.01  40.41 0.017570
 46.01  40.51 0.016880
 46.01  40.61 0.015892
 46.01  40.71 0.014561
 46.01  40.81 0.012925
 46.01  40.91 0.011084
 46.01  41.01 0.009168
 46.01  41.11 0.007306
 46.01  41.21 0.005617
 46.01  41.31 0.004193
 46.01  41.41 0.003105
 46.01  41.51 0.002413
 46.01  41.61 0.002176
 46.01  41.71 0.002462
 46.01  41.81 0.003348
 46.01  41.91 0.004906
 46.01  42.01 0.007158
 46.01  42.11 0.010034
 46.01  42.21 0.013337
 46.01  42.31 0.016732
 46.01  42.41 0.019793
 46.01  42.51 0.022083
 46.01  42.61 0.023259
 46.01  42.71 0.023159
 46.01  42.81 0.021848
 46.01  42.91 0.019587
 46.01  43.01 0.016767
 46.01  43.11 0.013802
 46.01  43.21 0.011038
 46.01  43.31 0.008697
 46.01  43.41 0.006855
 46.01  43.51 0.005474
 46.01  43.61 0.004447
 46.01  43.71 0.003651
 46.01  43.81 0.002983
 46.01  43.91 0.002387
 46.01  44.01 0.001842
 46.01  44.11 0.001356
 46.01  44.21 0.000946
 46.01  44.31 0.000622
 46.01  44.41 0.000385
 46.01  44.51 0.000224
 46.01  44.61 0.000122
 46.01  44.71 0.000062
 46.01  44.81 0.000030
 46.01  44.91 0.000014
 46.01  45.01 0.000007
 46.01  45.11 0.000004
 46.01  45.21 0.000003
 46.01  45.31 0.000004
 46.01  45.41 0.000006
 46.01  45.51 0.000007
 46.01  45.61 0.000009
 46.01  45.71 0.000011
 46.01  45.81 0.000012
 46.01  45.91 0.000012
 46.11  34.51 0.000622
 46.11  34.61 0.001064
 46.11  34.71 0.001709
 46.11  34.81 0.002586
 46.11  34.91 0.003692
 46.11  35.01 0.004991
 46.11  35.11 0.006415
 46.11  35.21 0.007887
 46.11  35.31 0.009335
 46.11  35.41 0.010715
 46.11  35.51 0.012011
 46.11  35.61 0.013213
 46.11  35.71 0.014301
 46.11  35.81 0.015230
 46.11  35.91 0.015930
 46.11  36.01 0.016340
 46.11  36.11 0.016437
 46.11  36.21 0.016271
 46.11  36.31 0.015970
 46.11  36.41 0.015738
 46.11  36.51 0.015820
 46.11  36.61 0.016464
 46.11  36.71 0.017866
 46.11  36.81 0.020118
 46.11  36.91 0.023166
 46.11  37.01 0.026796
 46.11  37.11 0.030663
 46.11  37.21 0.034359
 46.11  37.31 0.037514
 46.11  37.41 0.039882
 46.11  37.51 0.041393
 46.11  37.61 0.042153
 46.11  37.71 0.042399
 46.11  37.81 0.042425
 46.11  37.91 0.042529
 46.11  38.01 0.042967
 46.11  38.11 0.043932
 46.11  38.21 0.045531
 46.11  38.31 0.047752
 46.11  38.41 0.050446
 46.11  38.51 0.053313
 46.11  38.61 0.055947
 46.11  38.71 0.057910
 46.11  38.81 0.058828
 46.11  38.91 0.058475
 46.11  39.01 0.056817
 46.11  39.11 0.053999
 46.11  39.21 0.050296
 46.11  39.31 0.046040
 46.11  39.41 0.041557
 46.11  39.51 0.037131
 46.11  39.61 0.032990
 46.11  39.71 0.029314
 46.11  39.81 0.026238
 46.11  39.91 0.023852
 46.11  40.01 0.022179
 46.11  40.11 0.021159
 46.11  40.21 0.020638
 46.11  40.31 0.020389
 46.11  40.41 0.020157
 46.11  40.51 0.019708
 46.11  40.61 0.018881
 46.11  40.71 0.017611
 46.11  40.81 0.015923
 46.11  40.91 0.013915
 46.11  41.01 0.011726
 46.11  41.11 0.009509
 46.11  41.21 0.007415
 46.11  41.31 0.005571
 46.11  41.41 0.004081
 46.11  41.51 0.003020
 46.11  41.61 0.002449
 46.11  41.71 0.002423
 46.11  41.81 0.002999
 46.11  41.91 0.004227
 46.11  42.01 0.006123
 46.11  42.11 0.008628
 46.11  42.21 0.011572
 46.11  42.31 0.014663
 46.11  42.41 0.017515
 46.11  42.51 0.019723
 46.11  42.61 0.020955
 46.11  42.71 0.021043
 46.11  42.81 0.020026
 46.11  42.91 0.018134
 46.11  43.01 0.015726
 46.11  43.11 0.013190
 46.11  43.21 0.010849
 46.11  43.31 0.008902
 46.11  43.41 0.007404
 46.11  43.51 0.006294
 46.11  43.61 0.005448
 46.11  43.71 0.004731
 46.11  43.81 0.004048
 46.11  43.91 0.003355
 46.11  44.01 0.002660
 46.11  44.11 0.002001
 46.11  44.21 0.001420
 46.11  44.31 0.000949
 46.11  44.41 0.000595
 46.11  44.51 0.000350
 46.11  44.61 0.000193
 46.11  44.71 0.000100
 46.11  44.81 0.000049
 46.11  44.91 0.000023
 46.11  45.01 0.000011
 46.11  45.11 0.000007
 46.11  45.21 0.000007
 46.11  45.31 0.000009
 46.11  45.41 0.000013
 46.11  45.51 0.000017
 46.11  45.61 0.000022
 46.11  45.71 0.000025
 46.11  45.81 0.000028
 46.11  45.91 0.000029
 46.11  46.01 0.000028
 46.21  34.51 0.000582
 46.21  34.61 0.001006
 46.21  34.71 0.001634
 46.21  34.81 0.002499
 46.21  34.91 0.003605
 46.21  35.01 0.004921
 46.21  35.11 0.006383
 46.21  35.21 0.007906
 46.21  35.31 0.009411
 46.21  35.41 0.010842
 46.21  35.51 0.012171
 46.21  35.61 0.013386
 46.21  35.71 0.014475
 46.21  35.81 0.015404
 46.21  35.91 0.016126
 46.21  36.01 0.016594
 46.21  36.11 0.016794
 46.21  36.21 0.016770
 46.21  36.31 0.016639
 46.21  36.41 0.016585
 46.21  36.51 0.016832
 46.21  36.61 0.017609
 46.21  36.71 0.019096
 46.21  36.81 0.021373
 46.21  36.91 0.024372
 46.21  37.01 0.027866
 46.21  37.11 0.031496
 46.21  37.21 0.034849
 46.21  37.31 0.037562
 46.21  37.41 0.039413
 46.21  37.51 0.040374
 46.21  37.61 0.040605
 46.21  37.71 0.040399
 46.21  37.81 0.040101
 46.21  37.91 0.040040
 46.21  38.01 0.040481
 46.21  38.11 0.041606
 46.21  38.21 0.043491
 46.21  38.31 0.046089
 46.21  38.41 0.049204
 46.21  38.51 0.052496
 46.21  38.61 0.055520
 46.21  38.71 0.057806
 46.21  38.81 0.058957
 46.21  38.91 0.058740
 46.21  39.01 0.057129
 46.21  39.11 0.054290
 46.21  39.21 0.050528
 46.21  39.31 0.046210
 46.21  39.41 0.041693
 46.21  39.51 0.037286
 46.21  39.61 0.033227
 46.21  39.71 0.029696
 46.21  39.81 0.026819
 46.21  39.91 0.024669
 46.21  40.01 0.023256
 46.21  40.11 0.022511
 46.21  40.21 0.022275
 46.21  40.31 0.022319
 46.21  40.41 0.022378
 46.21  40.51 0.022203
 46.21  40.61 0.021609
 46.21  40.71 0.020500
 46.21  40.81 0.018874
 46.21  40.91 0.016808
 46.21  41.01 0.014438
 46.21  41.11 0.011930
 46.21  41.21 0.009465
 46.21  41.31 0.007208
 46.21  41.41 0.005300
 46.21  41.51 0.003841
 46.21  41.61 0.002902
 46.21  41.71 0.002531
 46.21  41.81 0.002767
 46.21  41.91 0.003640
 46.21  42.01 0.005157
 46.21  42.11 0.007263
 46.21  42.21 0.009816
 46.21  42.31 0.012563
 46.21  42.41 0.015164
 46.21  42.51 0.017249
 46.21  42.61 0.018506
 46.21  42.71 0.018759
 46.21  42.81 0.018026
 46.21  42.91 0.016507
 46.21  43.01 0.014527
 46.21  43.11 0.012446
 46.21  43.21 0.010563
 46.21  43.31 0.009053
 46.21  43.41 0.007948
 46.21  43.51 0.007161
 46.21  43.61 0.006544
 46.21  43.71 0.005947
 46.21  43.81 0.005271
 46.21  43.91 0.004490
 46.21  44.01 0.003637
 46.21  44.11 0.002784
 46.21  44.21 0.002006
 46.21  44.31 0.001358
 46.21  44.41 0.000862
 46.21  44.51 0.000513
 46.21  44.61 0.000286
 46.21  44.71 0.000150
 46.21  44.81 0.000074
 46.21  44.91 0.000036
 46.21  45.01 0.000019
 46.21  45.11 0.000013
 46.21  45.21 0.000015
 46.21  45.31 0.000020
 46.21  45.41 0.000028
 46.21  45.51 0.000038
 46.21  45.61 0.000048
 46.21  45.71 0.000057
 46.21  45.81 0.000063
 46.21  45.91 0.000066
 46.21  46.01 0.000064
 46.21  46.11 0.000059
 46.31  34.51 0.000510
 46.31  34.61 0.000893
 46.31  34.71 0.001468
 46.31  34.81 0.002271
 46.31  34.91 0.003315
 46.31  35.01 0.004577
 46.31  35.11 0.006001
 46.31  35.21 0.007507
 46.31  35.31 0.009012
 46.31  35.41 0.010452
 46.31  35.51 0.011785
 46.31  35.61 0.012994
 46.31  35.71 0.014066
 46.31  35.81 0.014981
 46.31  35.91 0.015710
 46.31  36.01 0.016228
 46.31  36.11 0.016535
 46.31  36.21 0.016676
 46.31  36.31 0.016757
 46.31  36.41 0.016934
 46.31  36.51 0.017402
 46.31  36.61 0.018364
 46.31  36.71 0.019976
 46.31  36.81 0.022303
 46.31  36.91 0.025269
 46.31  37.01 0.028636
 46.31  37.11 0.032040
 46.31  37.21 0.035066
 46.31  37.31 0.037353
 46.31  37.41 0.038698
 46.31  37.51 0.039105
 46.31  37.61 0.038782
 46.31  37.71 0.038077
 46.31  37.81 0.037388
 46.31  37.91 0.037085
 46.31  38.01 0.037455
 46.31  38.11 0.038675
 46.31  38.21 0.040795
 46.31  38.31 0.043721
 46.31  38.41 0.047207
 46.31  38.51 0.050861
 46.31  38.61 0.054196
 46.31  38.71 0.056714
 46.31  38.81 0.058011
 46.31  38.91 0.057862
 46.31  39.01 0.056266
 46.31  39.11 0.053424
 46.31  39.21 0.049677
 46.31  39.31 0.045420
 46.31  39.41 0.041025
 46.31  39.51 0.036798
 46.31  39.61 0.032964
 46.31  39.71 0.029680
 46.31  39.81 0.027049
 46.31  39.91 0.025126
 46.31  40.01 0.023916
 46.31  40.11 0.023356
 46.31  40.21 0.023306
 46.31  40.31 0.023556
 46.31  40.41 0.023856
 46.31  40.51 0.023954
 46.31  40.61 0.023645
 46.31  40.71 0.022797
 46.31  40.81 0.021367
 46.31  40.91 0.019393
 46.31  41.01 0.016988
 46.31  41.11 0.014317
 46.31  41.21 0.011579
 46.31  41.31 0.008973
 46.31  41.41 0.006680
 46.31  41.51 0.004833
 46.31  41.61 0.003521
 46.31  41.71 0.002794
 46.31  41.81 0.002681
 46.31  41.91 0.003195
 46.31  42.01 0.004330
 46.31  42.11 0.006037
 46.31  42.21 0.008194
 46.31  42.31 0.010587
 46.31  42.41 0.012918
 46.31  42.51 0.014857
 46.31  42.61 0.016109
 46.31  42.71 0.016501
 46.31  42.81 0.016028
 46.31  42.91 0.014859
 46.31  43.01 0.013288
 46.31  43.11 0.011646
 46.31  43.21 0.010210
 46.31  43.31 0.009136
 46.31  43.41 0.008431
 46.31  43.51 0.007984
 46.31  43.61 0.007622
 46.31  43.71 0.007174
 46.31  43.81 0.006536
 46.31  43.91 0.005688
 46.31  44.01 0.004690
 46.31  44.11 0.003644
 46.31  44.21 0.002662
 46.31  44.31 0.001824
 46.31  44.41 0.001172
 46.31  44.51 0.000706
 46.31  44.61 0.000398
 46.31  44.71 0.000211
 46.31  44.81 0.000106
 46.31  44.91 0.000052
 46.31  45.01 0.000029
 46.31  45.11 0.000023
 46.31  45.21 0.000028
 46.31  45.31 0.000039
 46.31  45.41 0.000057
 46.31  45.51 0.000077
 46.31  45.61 0.000099
 46.31  45.71 0.000119
 46.31  45.81 0.000134
 46.31  45.91 0.000141
 46.31  46.01 0.000140
 46.31  46.11 0.000129
 46.31  46.21 0.000112
 46.41  34.51 0.000421
 46.41  34.61 0.000745
 46.41  34.71 0.001241
 46.41  34.81 0.001945
 46.41  34.91 0.002877
 46.41  35.01 0.004026
 46.41  35.11 0.005349
 46.41  35.21 0.006779
 46.41  35.31 0.008238
 46.41  35.41 0.009655
 46.41  35.51 0.010980
 46.41  35.61 0.012182
 46.41  35.71 0.013245
 46.41  35.81 0.014153
 46.41  35.91 0.014897
 46.41  36.01 0.015470
 46.41  36.11 0.015892
 46.41  36.21 0.016213
 46.41  36.31 0.016523
 46.41  36.41 0.016951
 46.41  36.51 0.017654
 46.41  36.61 0.018796
 46.41  36.71 0.020509
 46.41  36.81 0.022843
 46.41  36.91 0.025721
 46.41  37.01 0.028915
 46.41  37.11 0.032069
 46.41  37.21 0.034777
 46.41  37.31 0.036684
 46.41  37.41 0.037597
 46.41  37.51 0.037537
 46.41  37.61 0.036737
 46.41  37.71 0.035582
 46.41  37.81 0.034514
 46.41  37.91 0.033945
 46.41  38.01 0.034191
 46.41  38.11 0.035435
 46.41  38.21 0.037711
 46.41  38.31 0.040889
 46.41  38.41 0.044668
 46.41  38.51 0.048606
 46.41  38.61 0.052171
 46.41  38.71 0.054837
 46.41  38.81 0.056196
 46.41  38.91 0.056044
 46.41  39.01 0.054415
 46.41  39.11 0.051557
 46.41  39.21 0.047853
 46.41  39.31 0.043724
 46.41  39.41 0.039548
 46.41  39.51 0.035612
 46.41  39.61 0.032107
 46.41  39.71 0.029147
 46.41  39.81 0.026797
 46.41  39.91 0.025088
 46.41  40.01 0.024021
 46.41  40.11 0.023549
 46.41  40.21 0.023568
 46.41  40.31 0.023909
 46.41  40.41 0.024358
 46.41  40.51 0.024682
 46.41  40.61 0.024669
 46.41  40.71 0.024153
 46.41  40.81 0.023042
 46.41  40.91 0.021321
 46.41  41.01 0.019059
 46.41  41.11 0.016400
 46.41  41.21 0.013543
 46.41  41.31 0.010712
 46.41  41.41 0.008121
 46.41  41.51 0.005939
 46.41  41.61 0.004282
 46.41  41.71 0.003212
 46.41  41.81 0.002755
 46.41  41.91 0.002916
 46.41  42.01 0.003679
 46.41  42.11 0.004998
 46.41  42.21 0.006768
 46.41  42.31 0.008808
 46.41  42.41 0.010861
 46.41  42.51 0.012633
 46.41  42.61 0.013855
 46.41  42.71 0.014352
 46.41  42.81 0.014104
 46.41  42.91 0.013249
 46.41  43.01 0.012047
 46.41  43.11 0.010802
 46.41  43.21 0.009769
 46.41  43.31 0.009088
 46.41  43.41 0.008751
 46.41  43.51 0.008628
 46.41  43.61 0.008521
 46.41  43.71 0.008242
 46.41  43.81 0.007673
 46.41  43.91 0.006797
 46.41  44.01 0.005689
 46.41  44.11 0.004481
 46.41  44.21 0.003314
 46.41  44.31 0.002299
 46.41  44.41 0.001494
 46.41  44.51 0.000910
 46.41  44.61 0.000520
 46.41  44.71 0.000279
 46.41  44.81 0.000142
 46.41  44.91 0.000073
 46.41  45.01 0.000043
 46.41  45.11 0.000039
 46.41  45.21 0.000050
 46.41  45.31 0.000074
 46.41  45.41 0.000107
 46.41  45.51 0.000148
 46.41  45.61 0.000192
 46.41  45.71 0.000234
 46.41  45.81 0.000266
 46.41  45.91 0.000284
 46.41  46.01 0.000283
 46.41  46.11 0.000265
 46.41  46.21 0.000231
 46.41  46.31 0.000190
 46.51  34.51 0.000326
 46.51  34.61 0.000585
 46.51  34.71 0.000989
 46.51  34.81 0.001573
 46.51  34.91 0.002364
 46.51  35.01 0.003362
 46.51  35.11 0.004543
 46.51  35.21 0.005856
 46.51  35.31 0.007236
 46.51  35.41 0.008613
 46.51  35.51 0.009930
 46.51  35.61 0.011142
 46.51  35.71 0.012222
 46.51  35.81 0.013155
 46.51  35.91 0.013940
 46.51  36.01 0.014593
 46.51  36.11 0.015148
 46.51  36.21 0.015663
 46.51  36.31 0.016212
 46.51  36.41 0.016890
 46.51  36.51 0.017809
 46.51  36.61 0.019086
 46.51  36.71 0.020821
 46.51  36.81 0.023057
 46.51  36.91 0.025729
 46.51  37.01 0.028638
 46.51  37.11 0.031463
 46.51  37.21 0.033828
 46.51  37.31 0.035396
 46.51  37.41 0.035977
 46.51  37.51 0.035588
 46.51  37.61 0.034463
 46.51  37.71 0.032993
 46.51  37.81 0.031639
 46.51  37.91 0.030842
 46.51  38.01 0.030947
 46.51  38.11 0.032157
 46.51  38.21 0.034505
 46.51  38.31 0.037838
 46.51  38.41 0.041820
 46.51  38.51 0.045959
 46.51  38.61 0.049681
 46.51  38.71 0.052432
 46.51  38.81 0.053798
 46.51  38.91 0.053593
 46.51  39.01 0.051892
 46.51  39.11 0.048991
 46.51  39.21 0.045321
 46.51  39.31 0.041333
 46.51  39.41 0.037409
 46.51  39.51 0.033810
 46.51  39.61 0.030684
 46.51  39.71 0.028090
 46.51  39.81 0.026041
 46.51  39.91 0.024535
 46.51  40.01 0.023561
 46.51  40.11 0.023092
 46.51  40.21 0.023065
 46.51  40.31 0.023371
 46.51  40.41 0.023849
 46.51  40.51 0.024309
 46.51  40.61 0.024549
 46.51  40.71 0.024383
 46.51  40.81 0.023671
 46.51  40.91 0.022339
 46.51  41.01 0.020396
 46.51  41.11 0.017942
 46.51  41.21 0.015158
 46.51  41.31 0.012272
 46.51  41.41 0.009518
 46.51  41.51 0.007098
 46.51  41.61 0.005157
 46.51  41.71 0.003778
 46.51  41.81 0.002995
 46.51  41.91 0.002814
 46.51  42.01 0.003217
 46.51  42.11 0.004159
 46.51  42.21 0.005551
 46.51  42.31 0.007239
 46.51  42.41 0.009004
 46.51  42.51 0.010588
 46.51  42.61 0.011747
 46.51  42.71 0.012312
 46.51  42.81 0.012247
 46.51  42.91 0.011661
 46.51  43.01 0.010778
 46.51  43.11 0.009872
 46.51  43.21 0.009179
 46.51  43.31 0.008825
 46.51  43.41 0.008795
 46.51  43.51 0.008948
 46.51  43.61 0.009073
 46.51  43.71 0.008967
 46.51  43.81 0.008497
 46.51  43.91 0.007641
 46.51  44.01 0.006482
 46.51  44.11 0.005170
 46.51  44.21 0.003869
 46.51  44.31 0.002715
 46.51  44.41 0.001785
 46.51  44.51 0.001100
 46.51  44.61 0.000635
 46.51  44.71 0.000345
 46.51  44.81 0.000179
 46.51  44.91 0.000095
 46.51  45.01 0.000062
 46.51  45.11 0.000061
 46.51  45.21 0.000085
 46.51  45.31 0.000129
 46.51  45.41 0.000191
 46.51  45.51 0.000267
 46.51  45.61 0.000350
 46.51  45.71 0.000430
 46.51  45.81 0.000495
 46.51  45.91 0.000533
 46.51  46.01 0.000538
 46.51  46.11 0.000508
 46.51  46.21 0.000450
 46.51  46.31 0.000373
 46.51  46.41 0.000289
 46.61  34.51 0.000238
 46.61  34.61 0.000434
 46.61  34.71 0.000745
 46.61  34.81 0.001207
 46.61  34.91 0.001847
 46.61  35.01 0.002681
 46.61  35.11 0.003700
 46.61  35.21 0.004875
 46.61  35.31 0.006158
 46.61  35.41 0.007487
 46.61  35.51 0.008802
 46.61  35.61 0.010046
 46.61  35.71 0.011178
 46.61  35.81 0.012177
 46.61  35.91 0.013046
 46.61  36.01 0.013814
 46.61  36.11 0.014533
 46.61  36.21 0.015262
 46.61  36.31 0.016060
 46.61  36.41 0.016983
 46.61  36.51 0.018087
 46.61  36.61 0.019437
 46.61  36.71 0.021095
 46.61  36.81 0.023096
 46.61  36.91 0.025402
 46.61  37.01 0.027868
 46.61  37.11 0.030237
 46.61  37.21 0.032190
 46.61  37.31 0.033425
 46.61  37.41 0.033758
 46.61  37.51 0.033191
 46.61  37.61 0.031923
 46.61  37.71 0.030319
 46.61  37.81 0.028827
 46.61  37.91 0.027892
 46.61  38.01 0.027880
 46.61  38.11 0.029021
 46.61  38.21 0.031363
 46.61  38.31 0.034756
 46.61  38.41 0.038843
 46.61  38.51 0.043105
 46.61  38.61 0.046930
 46.61  38.71 0.049735
 46.61  38.81 0.051093
 46.61  38.91 0.050826
 46.61  39.01 0.049038
 46.61  39.11 0.046074
 46.61  39.21 0.042411
 46.61  39.31 0.038535
 46.61  39.41 0.034838
 46.61  39.51 0.031563
 46.61  39.61 0.028812
 46.61  39.71 0.026587
 46.61  39.81 0.024843
 46.61  39.91 0.023532
 46.61  40.01 0.022624
 46.61  40.11 0.022101
 46.61  40.21 0.021941
 46.61  40.31 0.022097
 46.61  40.41 0.022480
 46.61  40.51 0.022957
 46.61  40.61 0.023358
 46.61  40.71 0.023498
 46.61  40.81 0.023203
 46.61  40.91 0.022340
 46.61  41.01 0.020854
 46.61  41.11 0.018787
 46.61  41.21 0.016275
 46.61  41.31 0.013526
 46.61  41.41 0.010778
 46.61  41.51 0.008250
 46.61  41.61 0.006114
 46.61  41.71 0.004479
 46.61  41.81 0.003399
 46.61  41.91 0.002891
 46.61  42.01 0.002943
 46.61  42.11 0.003517
 46.61  42.21 0.004535
 46.61  42.31 0.005868
 46.61  42.41 0.007332
 46.61  42.51 0.008702
 46.61  42.61 0.009761
 46.61  42.71 0.010351
 46.61  42.81 0.010423
 46.61  42.91 0.010056
 46.61  43.01 0.009439
 46.61  43.11 0.008812
 46.61  43.21 0.008387
 46.61  43.31 0.008281
 46.61  43.41 0.008477
 46.61  43.51 0.008838
 46.61  43.61 0.009150
 46.61  43.71 0.009202
 46.61  43.81 0.008852
 46.61  43.91 0.008068
 46.61  44.01 0.006931
 46.61  44.11 0.005594
 46.61  44.21 0.004236
 46.61  44.31 0.003006
 46.61  44.41 0.001999
 46.61  44.51 0.001245
 46.61  44.61 0.000727
 46.61  44.71 0.000400
 46.61  44.81 0.000212
 46.61  44.91 0.000118
 46.61  45.01 0.000084
 46.61  45.11 0.000093
 46.61  45.21 0.000136
 46.61  45.31 0.000212
 46.61  45.41 0.000318
 46.61  45.51 0.000449
 46.61  45.61 0.000596
 46.61  45.71 0.000741
 46.61  45.81 0.000862
 46.61  45.91 0.000940
 46.61  46.01 0.000959
 46.61  46.11 0.000916
 46.61  46.21 0.000819
 46.61  46.31 0.000686
 46.61  46.41 0.000538
 46.61  46.51 0.000395
 46.71  34.51 0.000164
 46.71  34.61 0.000305
 46.71  34.71 0.000534
 46.71  34.81 0.000882
 46.71  34.91 0.001382
 46.71  35.01 0.002055
 46.71  35.11 0.002912
 46.71  35.21 0.003944
 46.71  35.31 0.005122
 46.71  35.41 0.006398
 46.71  35.51 0.007713
 46.71  35.61 0.009002
 46.71  35.71 0.010213
 46.71  35.81 0.011313
 46.71  35.91 0.012307
 46.71  36.01 0.013232
 46.71  36.11 0.014148
 46.71  36.21 0.015117
 46.71  36.31 0.016178
 46.71  36.41 0.017343
 46.71  36.51 0.018611
 46.71  36.61 0.019981
 46.71  36.71 0.021473
 46.71  36.81 0.023113
 46.71  36.91 0.024897
 46.71  37.01 0.026755
 46.71  37.11 0.028520
 46.71  37.21 0.029958
 46.71  37.31 0.030826
 46.71  37.41 0.030955
 46.71  37.51 0.030323
 46.71  37.61 0.029077
 46.71  37.71 0.027521
 46.71  37.81 0.026053
 46.71  37.91 0.025098
 46.71  38.01 0.025025
 46.71  38.11 0.026086
 46.71  38.21 0.028361
 46.71  38.31 0.031722
 46.71  38.41 0.035823
 46.71  38.51 0.040135
 46.71  38.61 0.044026
 46.71  38.71 0.046885
 46.71  38.81 0.048260
 46.71  38.91 0.047966
 46.71  39.01 0.046119
 46.71  39.11 0.043096
 46.71  39.21 0.039417
 46.71  39.31 0.035606
 46.71  39.41 0.032074
 46.71  39.51 0.029061
 46.71  39.61 0.026635
 46.71  39.71 0.024747
 46.71  39.81 0.023294
 46.71  39.91 0.022177
 46.71  40.01 0.021332
 46.71  40.11 0.020738
 46.71  40.21 0.020402
 46.71  40.31 0.020334
 46.71  40.41 0.020517
 46.71  40.51 0.020889
 46.71  40.61 0.021333
 46.71  40.71 0.021685
 46.71  40.81 0.021758
 46.71  40.91 0.021378
 46.71  41.01 0.020428
 46.71  41.11 0.018881
 46.71  41.21 0.016814
 46.71  41.31 0.014391
 46.71  41.41 0.011826
 46.71  41.51 0.009338
 46.71  41.61 0.007116
 46.71  41.71 0.005295
 46.71  41.81 0.003958
 46.71  41.91 0.003143
 46.71  42.01 0.002854
 46.71  42.11 0.003065
 46.71  42.21 0.003712
 46.71  42.31 0.004687
 46.71  42.41 0.005834
 46.71  42.51 0.006964
 46.71  42.61 0.007887
 46.71  42.71 0.008456
 46.71  42.81 0.008616
 46.71  42.91 0.008418
 46.71  43.01 0.008014
 46.71  43.11 0.007606
 46.71  43.21 0.007380
 46.71  43.31 0.007441
 46.71  43.41 0.007779
 46.71  43.51 0.008267
 46.71  43.61 0.008705
 46.71  43.71 0.008885
 46.71  43.81 0.008663
 46.71  43.91 0.007995
 46.71  44.01 0.006950
 46.71  44.11 0.005675
 46.71  44.21 0.004346
 46.71  44.31 0.003119
 46.71  44.41 0.002097
 46.71  44.51 0.001321
 46.71  44.61 0.000781
 46.71  44.71 0.000436
 46.71  44.81 0.000236
 46.71  44.91 0.000138
 46.71  45.01 0.000109
 46.71  45.11 0.000134
 46.71  45.21 0.000206
 46.71  45.31 0.000326
 46.71  45.41 0.000496
 46.71  45.51 0.000710
 46.71  45.61 0.000952
 46.71  45.71 0.001196
 46.71  45.81 0.001408
 46.71  45.91 0.001551
 46.71  46.01 0.001600
 46.71  46.11 0.001545
 46.71  46.21 0.001397
 46.71  46.31 0.001183
 46.71  46.41 0.000938
 46.71  46.51 0.000696
 46.81  34.51 0.000108
 46.81  34.61 0.000204
 46.81  34.71 0.000365
 46.81  34.81 0.000619
 46.81  34.91 0.000997
 46.81  35.01 0.001528
 46.81  35.11 0.002235
 46.81  35.21 0.003127
 46.81  35.31 0.004196
 46.81  35.41 0.005408
 46.81  35.51 0.006712
 46.81  35.61 0.008041
 46.81  35.71 0.009333
 46.81  35.81 0.010550
 46.81  35.91 0.011691
 46.81  36.01 0.012797
 46.81  36.11 0.013934
 46.81  36.21 0.015161
 46.81  36.31 0.016495
 46.81  36.41 0.017907
 46.81  36.51 0.019329
 46.81  36.61 0.020695
 46.81  36.71 0.021971
 46.81  36.81 0.023172
 46.81  36.91 0.024331
 46.81  37.01 0.025456
 46.81  37.11 0.026493
 46.81  37.21 0.027313
 46.81  37.31 0.027753
 46.81  37.41 0.027677
 46.81  37.51 0.027038
 46.81  37.61 0.025922
 46.81  37.71 0.024551
 46.81  37.81 0.023249
 46.81  37.91 0.022386
 46.81  38.01 0.022314
 46.81  38.11 0.023301
 46.81  38.21 0.025463
 46.81  38.31 0.028712
 46.81  38.41 0.032740
 46.81  38.51 0.037034
 46.81  38.61 0.040960
 46.81  38.71 0.043887
 46.81  38.81 0.045334
 46.81  38.91 0.045086
 46.81  39.01 0.043251
 46.81  39.11 0.040212
 46.81  39.21 0.036519
 46.81  39.31 0.032732
 46.81  39.41 0.029295
 46.81  39.51 0.026457
 46.81  39.61 0.024276
 46.81  39.71 0.022667
 46.81  39.81 0.021476
 46.81  39.91 0.020551
 46.81  40.01 0.019787
 46.81  40.11 0.019144
 46.81  40.21 0.018641
 46.81  40.31 0.018327
 46.81  40.41 0.018252
 46.81  40.51 0.018425
 46.81  40.61 0.018795
 46.81  40.71 0.019239
 46.81  40.81 0.019584
 46.81  40.91 0.019635
 46.81  41.01 0.019228
 46.81  41.11 0.018272
 46.81  41.21 0.016772
 46.81  41.31 0.014827
 46.81  41.41 0.012606
 46.81  41.51 0.010305
 46.81  41.61 0.008114
 46.81  41.71 0.006190
 46.81  41.81 0.004647
 46.81  41.91 0.003553
 46.81  42.01 0.002939
 46.81  42.11 0.002796
 46.81  42.21 0.003079
 46.81  42.31 0.003697
 46.81  42.41 0.004522
 46.81  42.51 0.005394
 46.81  42.61 0.006149
 46.81  42.71 0.006657
 46.81  42.81 0.006858
 46.81  42.91 0.006780
 46.81  43.01 0.006538
 46.81  43.11 0.006293
 46.81  43.21 0.006202
 46.81  43.31 0.006360
 46.81  43.41 0.006760
 46.81  43.51 0.007297
 46.81  43.61 0.007794
 46.81  43.71 0.008061
 46.81  43.81 0.007957
 46.81  43.91 0.007431
 46.81  44.01 0.006535
 46.81  44.11 0.005396
 46.81  44.21 0.004179
 46.81  44.31 0.003032
 46.81  44.41 0.002061
 46.81  44.51 0.001313
 46.81  44.61 0.000785
 46.81  44.71 0.000445
 46.81  44.81 0.000248
 46.81  44.91 0.000154
 46.81  45.01 0.000136
 46.81  45.11 0.000182
 46.81  45.21 0.000292
 46.81  45.31 0.000471
 46.81  45.41 0.000726
 46.81  45.51 0.001050
 46.81  45.61 0.001425
 46.81  45.71 0.001810
 46.81  45.81 0.002154
 46.81  45.91 0.002399
 46.81  46.01 0.002502
 46.81  46.11 0.002443
 46.81  46.21 0.002233
 46.81  46.31 0.001911
 46.81  46.41 0.001532
 46.81  46.51 0.001150
 46.91  34.51 0.000067
 46.91  34.61 0.000131
 46.91  34.71 0.000240
 46.91  34.81 0.000420
 46.91  34.91 0.000699
 46.91  35.01 0.001110
 46.91  35.11 0.001684
 46.91  35.21 0.002444
 46.91  35.31 0.003397
 46.91  35.41 0.004527
 46.91  35.51 0.005792
 46.91  35.61 0.007131
 46.91  35.71 0.008480
 46.91  35.81 0.009795
 46.91  35.91 0.011074
 46.91  36.01 0.012358
 46.91  36.11 0.013712
 46.91  36.21 0.015191
 46.91  36.31 0.016793
 46.91  36.41 0.018445
 46.91  36.51 0.020020
 46.91  36.61 0.021383
 46.91  36.71 0.022447
 46.91  36.81 0.023204
 46.91  36.91 0.023716
 46.91  37.01 0.024070
 46.91  37.11 0.024322
 46.91  37.21 0.024461
 46.91  37.31 0.024419
 46.91  37.41 0.024105
 46.91  37.51 0.023462
 46.91  37.61 0.022517
 46.91  37.71 0.021403
 46.91  37.81 0.020350
 46.91  37.91 0.019657
 46.91  38.01 0.019639
 46.91  38.11 0.020562
 46.91  38.21 0.022574
 46.91  38.31 0.025641
 46.91  38.41 0.029509
 46.91  38.51 0.033710
 46.91  38.61 0.037632
 46.91  38.71 0.040638
 46.91  38.81 0.042214
 46.91  38.91 0.042107
 46.91  39.01 0.040385
 46.91  39.11 0.037414
 46.91  39.21 0.033750
 46.91  39.31 0.029982
 46.91  39.41 0.026585
 46.91  39.51 0.023841
 46.91  39.61 0.021816
 46.91  39.71 0.020411
 46.91  39.81 0.019438
 46.91  39.91 0.018698
 46.91  40.01 0.018042
 46.91  40.11 0.017398
 46.91  40.21 0.016778
 46.91  40.31 0.016252
 46.91  40.41 0.015917
 46.91  40.51 0.015847
 46.91  40.61 0.016057
 46.91  40.71 0.016482
 46.91  40.81 0.016980
 46.91  40.91 0.017364
 46.91  41.01 0.017445
 46.91  41.11 0.017078
 46.91  41.21 0.016198
 46.91  41.31 0.014829
 46.91  41.41 0.013073
 46.91  41.51 0.011085
 46.91  41.61 0.009037
 46.91  41.71 0.007099
 46.91  41.81 0.005412
 46.91  41.91 0.004081
 46.91  42.01 0.003170
 46.91  42.11 0.002696
 46.91  42.21 0.002632
 46.91  42.31 0.002910
 46.91  42.41 0.003420
 46.91  42.51 0.004029
 46.91  42.61 0.004599
 46.91  42.71 0.005015
 46.91  42.81 0.005217
 46.91  42.91 0.005214
 46.91  43.01 0.005086
 46.91  43.11 0.004956
 46.91  43.21 0.004949
 46.91  43.31 0.005144
 46.91  43.41 0.005542
 46.91  43.51 0.006062
 46.91  43.61 0.006557
 46.91  43.71 0.006864
 46.91  43.81 0.006855
 46.91  43.91 0.006475
 46.91  44.01 0.005758
 46.91  44.11 0.004809
 46.91  44.21 0.003765
 46.91  44.31 0.002763
 46.91  44.41 0.001899
 46.91  44.51 0.001224
 46.91  44.61 0.000741
 46.91  44.71 0.000426
 46.91  44.81 0.000245
 46.91  44.91 0.000163
 46.91  45.01 0.000162
 46.91  45.11 0.000235
 46.91  45.21 0.000389
 46.91  45.31 0.000638
 46.91  45.41 0.000995
 46.91  45.51 0.001457
 46.91  45.61 0.001998
 46.91  45.71 0.002566
 46.91  45.81 0.003087
 46.91  45.91 0.003476
 46.91  46.01 0.003665
 46.91  46.11 0.003618
 46.91  46.21 0.003345
 46.91  46.31 0.002894
 46.91  46.41 0.002345
 46.91  46.51 0.001779
 47.01  34.51 0.000040
 47.01  34.61 0.000081
 47.01  34.71 0.000154
 47.01  34.81 0.000278
 47.01  34.91 0.000481
 47.01  35.01 0.000793
 47.01  35.11 0.001251
 47.01  35.21 0.001884
 47.01  35.31 0.002714
 47.01  35.41 0.003736
 47.01  35.51 0.004924
 47.01  35.61 0.006224
 47.01  35.71 0.007577
 47.01  35.81 0.008941
 47.01  35.91 0.010313
 47.01  36.01 0.011732
 47.01  36.11 0.013263
 47.01  36.21 0.014951
 47.01  36.31 0.016780
 47.01  36.41 0.018642
 47.01  36.51 0.020359
 47.01  36.61 0.021736
 47.01  36.71 0.022633
 47.01  36.81 0.023012
 47.01  36.91 0.022951
 47.01  37.01 0.022597
 47.01  37.11 0.022104
 47.01  37.21 0.021574
 47.01  37.31 0.021035
 47.01  37.41 0.020453
 47.01  37.51 0.019776
 47.01  37.61 0.018984
 47.01  37.71 0.018130
 47.01  37.81 0.017349
 47.01  37.91 0.016858
 47.01  38.01 0.016918
 47.01  38.11 0.017778
 47.01  38.21 0.019610
 47.01  38.31 0.022430
 47.01  38.41 0.026053
 47.01  38.51 0.030075
 47.01  38.61 0.033930
 47.01  38.71 0.036995
 47.01  38.81 0.038737
 47.01  38.91 0.038854
 47.01  39.01 0.037358
 47.01  39.11 0.034570
 47.01  39.21 0.031023
 47.01  39.31 0.027313
 47.01  39.41 0.023949
 47.01  39.51 0.021246
 47.01  39.61 0.019301
 47.01  39.71 0.018024
 47.01  39.81 0.017213
 47.01  39.91 0.016640
 47.01  40.01 0.016112
 47.01  40.11 0.015523
 47.01  40.21 0.014860
 47.01  40.31 0.014197
 47.01  40.41 0.013654
 47.01  40.51 0.013352
 47.01  40.61 0.013366
 47.01  40.71 0.013691
 47.01  40.81 0.014233
 47.01  40.91 0.014833
 47.01  41.01 0.015299
 47.01  41.11 0.015454
 47.01  41.21 0.015175
 47.01  41.31 0.014410
 47.01  41.41 0.013186
 47.01  41.51 0.011598
 47.01  41.61 0.009789
 47.01  41.71 0.007923
 47.01  41.81 0.006166
 47.01  41.91 0.004657
 47.01  42.01 0.003496
 47.01  42.11 0.002730
 47.01  42.21 0.002357
 47.01  42.31 0.002325
 47.01  42.41 0.002546
 47.01  42.51 0.002907
 47.01  42.61 0.003291
 47.01  42.71 0.003599
 47.01  42.81 0.003773
 47.01  42.91 0.003807
 47.01  43.01 0.003753
 47.01  43.11 0.003697
 47.01  43.21 0.003733
 47.01  43.31 0.003924
 47.01  43.41 0.004277
 47.01  43.51 0.004732
 47.01  43.61 0.005177
 47.01  43.71 0.005482
 47.01  43.81 0.005536
 47.01  43.91 0.005289
 47.01  44.01 0.004756
 47.01  44.11 0.004015
 47.01  44.21 0.003179
 47.01  44.31 0.002359
 47.01  44.41 0.001639
 47.01  44.51 0.001068
 47.01  44.61 0.000655
 47.01  44.71 0.000384
 47.01  44.81 0.000228
 47.01  44.91 0.000166
 47.01  45.01 0.000184
 47.01  45.11 0.000285
 47.01  45.21 0.000486
 47.01  45.31 0.000810
 47.01  45.41 0.001278
 47.01  45.51 0.001893
 47.01  45.61 0.002625
 47.01  45.71 0.003409
 47.01  45.81 0.004146
 47.01  45.91 0.004720
 47.01  46.01 0.005032
 47.01  46.11 0.005022
 47.01  46.21 0.004693
 47.01  46.31 0.004107
 47.01  46.41 0.003364
 47.01  46.51 0.002580
 47.11  34.51 0.000024
 47.11  34.61 0.000049
 47.11  34.71 0.000096
 47.11  34.81 0.000181
 47.11  34.91 0.000326
 47.11  35.01 0.000559
 47.11  35.11 0.000915
 47.11  35.21 0.001429
 47.11  35.31 0.002127
 47.11  35.41 0.003017
 47.11  35.51 0.004083
 47.11  35.61 0.005286
 47.11  35.71 0.006576
 47.11  35.81 0.007918
 47.11  35.91 0.009310
 47.11  36.01 0.010789
 47.11  36.11 0.012418
 47.11  36.21 0.014235
 47.11  36.31 0.016211
 47.11  36.41 0.018217
 47.11  36.51 0.020040
 47.11  36.61 0.021442
 47.11  36.71 0.022234
 47.11  36.81 0.022349
 47.11  36.91 0.021863
 47.11  37.01 0.020957
 47.11  37.11 0.019858
 47.11  37.21 0.018758
 47.11  37.31 0.017770
 47.11  37.41 0.016921
 47.11  37.51 0.016176
 47.11  37.61 0.015489
 47.11  37.71 0.014849
 47.11  37.81 0.014311
 47.11  37.91 0.014009
 47.11  38.01 0.014143
 47.11  38.11 0.014932
 47.11  38.21 0.016555
 47.11  38.31 0.019072
 47.11  38.41 0.022365
 47.11  38.51 0.026110
 47.11  38.61 0.029808
 47.11  38.71 0.032873
 47.11  38.81 0.034772
 47.11  38.91 0.035161
 47.11  39.01 0.033987
 47.11  39.11 0.031501
 47.11  39.21 0.028188
 47.11  39.31 0.024626
 47.11  39.41 0.021336
 47.11  39.51 0.018671
 47.11  39.61 0.016763
 47.11  39.71 0.015553
 47.11  39.81 0.014848
 47.11  39.91 0.014407
 47.11  40.01 0.014011
 47.11  40.11 0.013519
 47.11  40.21 0.012891
 47.11  40.31 0.012182
 47.11  40.41 0.011517
 47.11  40.51 0.011043
 47.11  40.61 0.010876
 47.11  40.71 0.011064
 47.11  40.81 0.011568
 47.11  40.91 0.012269
 47.11  41.01 0.012995
 47.11  41.11 0.013560
 47.11  41.21 0.013798
 47.11  41.31 0.013595
 47.11  41.41 0.012905
 47.11  41.51 0.011759
 47.11  41.61 0.010255
 47.11  41.71 0.008542
 47.11  41.81 0.006796
 47.11  41.91 0.005185
 47.11  42.01 0.003840
 47.11  42.11 0.002844
 47.11  42.21 0.002216
 47.11  42.31 0.001925
 47.11  42.41 0.001899
 47.11  42.51 0.002042
 47.11  42.61 0.002257
 47.11  42.71 0.002456
 47.11  42.81 0.002585
 47.11  42.91 0.002630
 47.11  43.01 0.002616
 47.11  43.11 0.002602
 47.11  43.21 0.002653
 47.11  43.31 0.002817
 47.11  43.41 0.003101
 47.11  43.51 0.003468
 47.11  43.61 0.003835
 47.11  43.71 0.004105
 47.11  43.81 0.004192
 47.11  43.91 0.004048
 47.11  44.01 0.003681
 47.11  44.11 0.003142
 47.11  44.21 0.002515
 47.11  44.31 0.001887
 47.11  44.41 0.001326
 47.11  44.51 0.000874
 47.11  44.61 0.000543
 47.11  44.71 0.000324
 47.11  44.81 0.000202
 47.11  44.91 0.000161
 47.11  45.01 0.000198
 47.11  45.11 0.000326
 47.11  45.21 0.000570
 47.11  45.31 0.000964
 47.11  45.41 0.001539
 47.11  45.51 0.002304
 47.11  45.61 0.003231
 47.11  45.71 0.004243
 47.11  45.81 0.005217
 47.11  45.91 0.006005
 47.11  46.01 0.006472
 47.11  46.11 0.006531
 47.11  46.21 0.006171
 47.11  46.31 0.005459
 47.11  46.41 0.004522
 47.11  46.51 0.003507
 47.21  34.51 0.000013
 47.21  34.61 0.000029
 47.21  34.71 0.000059
 47.21  34.81 0.000116
 47.21  34.91 0.000217
 47.21  35.01 0.000387
 47.21  35.11 0.000656
 47.21  35.21 0.001058
 47.21  35.31 0.001620
 47.21  35.41 0.002359
 47.21  35.51 0.003268
 47.21  35.61 0.004322
 47.21  35.71 0.005484
 47.21  35.81 0.006728
 47.21  35.91 0.008055
 47.21  36.01 0.009502
 47.21  36.11 0.011126
 47.21  36.21 0.012961
 47.21  36.31 0.014971
 47.21  36.41 0.017021
 47.21  36.51 0.018884
 47.21  36.61 0.020296
 47.21  36.71 0.021040
 47.21  36.81 0.021019
 47.21  36.91 0.020290
 47.21  37.01 0.019047
 47.21  37.11 0.017551
 47.21  37.21 0.016053
 47.21  37.31 0.014730
 47.21  37.41 0.013661
 47.21  37.51 0.012838
 47.21  37.61 0.012206
 47.21  37.71 0.011715
 47.21  37.81 0.011359
 47.21  37.91 0.011204
 47.21  38.01 0.011387
 47.21  38.11 0.012089
 47.21  38.21 0.013479
 47.21  38.31 0.015648
 47.21  38.41 0.018538
 47.21  38.51 0.021906
 47.21  38.61 0.025337
 47.21  38.71 0.028306
 47.21  38.81 0.030302
 47.21  38.91 0.030958
 47.21  39.01 0.030158
 47.21  39.11 0.028075
 47.21  39.21 0.025119
 47.21  39.31 0.021822
 47.21  39.41 0.018695
 47.21  39.51 0.016111
 47.21  39.61 0.014241
 47.21  39.71 0.013064
 47.21  39.81 0.012417
 47.21  39.91 0.012067
 47.21  40.01 0.011788
 47.21  40.11 0.011414
 47.21  40.21 0.010877
 47.21  40.31 0.010207
 47.21  40.41 0.009516
 47.21  40.51 0.008953
 47.21  40.61 0.008656
 47.21  40.71 0.008713
 47.21  40.81 0.009132
 47.21  40.91 0.009841
 47.21  41.01 0.010701
 47.21  41.11 0.011536
 47.21  41.21 0.012163
 47.21  41.31 0.012423
 47.21  41.41 0.012212
 47.21  41.51 0.011499
 47.21  41.61 0.010333
 47.21  41.71 0.008837
 47.21  41.81 0.007184
 47.21  41.91 0.005557
 47.21  42.01 0.004115
 47.21  42.11 0.002966
 47.21  42.21 0.002154
 47.21  42.31 0.001668
 47.21  42.41 0.001450
 47.21  42.51 0.001420
 47.21  42.61 0.001494
 47.21  42.71 0.001597
 47.21  42.81 0.001677
 47.21  42.91 0.001715
 47.21  43.01 0.001719
 47.21  43.11 0.001725
 47.21  43.21 0.001774
 47.21  43.31 0.001900
 47.21  43.41 0.002111
 47.21  43.51 0.002384
 47.21  43.61 0.002663
 47.21  43.71 0.002881
 47.21  43.81 0.002974
 47.21  43.91 0.002904
 47.21  44.01 0.002669
 47.21  44.11 0.002304
 47.21  44.21 0.001865
 47.21  44.31 0.001414
 47.21  44.41 0.001005
 47.21  44.51 0.000670
 47.21  44.61 0.000422
 47.21  44.71 0.000258
 47.21  44.81 0.000169
 47.21  44.91 0.000149
 47.21  45.01 0.000203
 47.21  45.11 0.000351
 47.21  45.21 0.000627
 47.21  45.31 0.001075
 47.21  45.41 0.001736
 47.21  45.51 0.002629
 47.21  45.61 0.003727
 47.21  45.71 0.004948
 47.21  45.81 0.006151
 47.21  45.91 0.007158
 47.21  46.01 0.007800
 47.21  46.11 0.007958
 47.21  46.21 0.007602
 47.21  46.31 0.006800
 47.21  46.41 0.005694
 47.21  46.51 0.004465
 47.31  34.51 0.000007
 47.31  34.61 0.000017
 47.31  34.71 0.000036
 47.31  34.81 0.000073
 47.31  34.91 0.000142
 47.31  35.01 0.000261
 47.31  35.11 0.000457
 47.31  35.21 0.000757
 47.31  35.31 0.001189
 47.31  35.41 0.001771
 47.31  35.51 0.002504
 47.31  35.61 0.003374
 47.31  35.71 0.004358
 47.31  35.81 0.005440
 47.31  35.91 0.006626
 47.31  36.01 0.007950
 47.31  36.11 0.009465
 47.31  36.21 0.011199
 47.31  36.31 0.013119
 47.31  36.41 0.015095
 47.31  36.51 0.016905
 47.31  36.61 0.018288
 47.31  36.71 0.019012
 47.31  36.81 0.018961
 47.31  36.91 0.018168
 47.31  37.01 0.016810
 47.31  37.11 0.015151
 47.31  37.21 0.013465
 47.31  37.31 0.011964
 47.31  37.41 0.010765
 47.31  37.51 0.009886
 47.31  37.61 0.009281
 47.31  37.71 0.008880
 47.31  37.81 0.008640
 47.31  37.91 0.008578
 47.31  38.01 0.008776
 47.31  38.11 0.009373
 47.31  38.21 0.010519
 47.31  38.31 0.012314
 47.31  38.41 0.014749
 47.31  38.51 0.017658
 47.31  38.61 0.020713
 47.31  38.71 0.023469
 47.31  38.81 0.025462
 47.31  38.91 0.026326
 47.31  39.01 0.025898
 47.31  39.11 0.024273
 47.31  39.21 0.021773
 47.31  39.31 0.018859
 47.31  39.41 0.016005
 47.31  39.51 0.013581
 47.31  39.61 0.011787
 47.31  39.71 0.010644
 47.31  39.81 0.010025
 47.31  39.91 0.009728
 47.31  40.01 0.009535
 47.31  40.11 0.009275
 47.31  40.21 0.008858
 47.31  40.31 0.008288
 47.31  40.41 0.007651
 47.31  40.51 0.007083
 47.31  40.61 0.006726
 47.31  40.71 0.006684
 47.31  40.81 0.007005
 47.31  40.91 0.007656
 47.31  41.01 0.008540
 47.31  41.11 0.009504
 47.31  41.21 0.010369
 47.31  41.31 0.010957
 47.31  41.41 0.011124
 47.31  41.51 0.010790
 47.31  41.61 0.009960
 47.31  41.71 0.008722
 47.31  41.81 0.007234
 47.31  41.91 0.005681
 47.31  42.01 0.004235
 47.31  42.11 0.003024
 47.31  42.21 0.002111
 47.31  42.31 0.001501
 47.31  42.41 0.001153
 47.31  42.51 0.001001
 47.31  42.61 0.000970
 47.31  42.71 0.000996
 47.31  42.81 0.001032
 47.31  42.91 0.001055
 47.31  43.01 0.001064
 47.31  43.11 0.001075
 47.31  43.21 0.001114
 47.31  43.31 0.001203
 47.31  43.41 0.001348
 47.31  43.51 0.001537
 47.31  43.61 0.001734
 47.31  43.71 0.001896
 47.31  43.81 0.001978
 47.31  43.91 0.001952
 47.31  44.01 0.001814
 47.31  44.11 0.001583
 47.31  44.21 0.001295
 47.31  44.31 0.000993
 47.31  44.41 0.000714
 47.31  44.51 0.000482
 47.31  44.61 0.000308
 47.31  44.71 0.000193
 47.31  44.81 0.000134
 47.31  44.91 0.000132
 47.31  45.01 0.000197
 47.31  45.11 0.000355
 47.31  45.21 0.000647
 47.31  45.31 0.001124
 47.31  45.41 0.001835
 47.31  45.51 0.002810
 47.31  45.61 0.004028
 47.31  45.71 0.005406
 47.31  45.81 0.006795
 47.31  45.91 0.007995
 47.31  46.01 0.008808
 47.31  46.11 0.009086
 47.31  46.21 0.008776
 47.31  46.31 0.007936
 47.31  46.41 0.006719
 47.31  46.51 0.005326
 47.41  34.51 0.000004
 47.41  34.61 0.000010
 47.41  34.71 0.000021
 47.41  34.81 0.000045
 47.41  34.91 0.000090
 47.41  35.01 0.000171
 47.41  35.11 0.000307
 47.41  35.21 0.000520
 47.41  35.31 0.000835
 47.41  35.41 0.001267
 47.41  35.51 0.001823
 47.41  35.61 0.002498
 47.41  35.71 0.003281
 47.41  35.81 0.004163
 47.41  35.91 0.005154
 47.41  36.01 0.006287
 47.41  36.11 0.007607
 47.41  36.21 0.009140
 47.41  36.31 0.010857
 47.41  36.41 0.012645
 47.41  36.51 0.014307
 47.41  36.61 0.015600
 47.41  36.71 0.016304
 47.41  36.81 0.016290
 47.41  36.91 0.015567
 47.41  37.01 0.014282
 47.41  37.11 0.012673
 47.41  37.21 0.011002
 47.41  37.31 0.009491
 47.41  37.41 0.008273
 47.41  37.51 0.007388
 47.41  37.61 0.006805
 47.41  37.71 0.006456
 47.41  37.81 0.006280
 47.41  37.91 0.006263
 47.41  38.01 0.006446
 47.41  38.11 0.006928
 47.41  38.21 0.007830
 47.41  38.31 0.009251
 47.41  38.41 0.011212
 47.41  38.51 0.013611
 47.41  38.61 0.016205
 47.41  38.71 0.018638
 47.41  38.81 0.020513
 47.41  38.91 0.021488
 47.41  39.01 0.021379
 47.41  39.11 0.020211
 47.41  39.21 0.018218
 47.41  39.31 0.015776
 47.41  39.41 0.013296
 47.41  39.51 0.011124
 47.41  39.61 0.009469
 47.41  39.71 0.008385
 47.41  39.81 0.007789
 47.41  39.91 0.007518
 47.41  40.01 0.007379
 47.41  40.11 0.007211
 47.41  40.21 0.006915
 47.41  40.31 0.006472
 47.41  40.41 0.005943
 47.41  40.51 0.005436
 47.41  40.61 0.005079
 47.41  40.71 0.004984
 47.41  40.81 0.005213
 47.41  40.91 0.005769
 47.41  41.01 0.006591
 47.41  41.11 0.007561
 47.41  41.21 0.008519
 47.41  41.31 0.009288
 47.41  41.41 0.009708
 47.41  41.51 0.009670
 47.41  41.61 0.009141
 47.41  41.71 0.008176
 47.41  41.81 0.006908
 47.41  41.91 0.005508
 47.41  42.01 0.004148
 47.41  42.11 0.002964
 47.41  42.21 0.002032
 47.41  42.31 0.001372
 47.41  42.41 0.000956
 47.41  42.51 0.000730
 47.41  42.61 0.000631
 47.41  42.71 0.000604
 47.41  42.81 0.000606
 47.41  42.91 0.000614
 47.41  43.01 0.000620
 47.41  43.11 0.000630
 47.41  43.21 0.000657
 47.41  43.31 0.000715
 47.41  43.41 0.000808
 47.41  43.51 0.000929
 47.41  43.61 0.001058
 47.41  43.71 0.001169
 47.41  43.81 0.001232
 47.41  43.91 0.001229
 47.41  44.01 0.001155
 47.41  44.11 0.001019
 47.41  44.21 0.000843
 47.41  44.31 0.000654
 47.41  44.41 0.000475
 47.41  44.51 0.000324
 47.41  44.61 0.000210
 47.41  44.71 0.000136
 47.41  44.81 0.000101
 47.41  44.91 0.000112
 47.41  45.01 0.000181
 47.41  45.11 0.000338
 47.41  45.21 0.000626
 47.41  45.31 0.001101
 47.41  45.41 0.001818
 47.41  45.51 0.002814
 47.41  45.61 0.004078
 47.41  45.71 0.005535
 47.41  45.81 0.007033
 47.41  45.91 0.008367
 47.41  46.01 0.009320
 47.41  46.11 0.009720
 47.41  46.21 0.009491
 47.41  46.31 0.008678
 47.41  46.41 0.007428
 47.41  46.51 0.005953
 47.51  34.51 0.000002
 47.51  34.61 0.000005
 47.51  34.71 0.000012
 47.51  34.81 0.000027
 47.51  34.91 0.000055
 47.51  35.01 0.000107
 47.51  35.11 0.000197
 47.51  35.21 0.000341
 47.51  35.31 0.000556
 47.51  35.41 0.000858
 47.51  35.51 0.001255
 47.51  35.61 0.001748
 47.51  35.71 0.002331
 47.51  35.81 0.003004
 47.51  35.91 0.003779
 47.51  36.01 0.004684
 47.51  36.11 0.005759
 47.51  36.21 0.007025
 47.51  36.31 0.008461
 47.51  36.41 0.009978
 47.51  36.51 0.011411
 47.51  36.61 0.012555
 47.51  36.71 0.013213
 47.51  36.81 0.013261
 47.51  36.91 0.012686
 47.51  37.01 0.011597
 47.51  37.11 0.010191
 47.51  37.21 0.008696
 47.51  37.31 0.007316
 47.51  37.41 0.006185
 47.51  37.51 0.005356
 47.51  37.61 0.004812
 47.51  37.71 0.004498
 47.51  37.81 0.004354
 47.51  37.91 0.004349
 47.51  38.01 0.004498
 47.51  38.11 0.004864
 47.51  38.21 0.005539
 47.51  38.31 0.006611
 47.51  38.41 0.008115
 47.51  38.51 0.009996
 47.51  38.61 0.012086
 47.51  38.71 0.014118
 47.51  38.81 0.015771
 47.51  38.91 0.016752
 47.51  39.01 0.016872
 47.51  39.11 0.016112
 47.51  39.21 0.014623
 47.51  39.31 0.012692
 47.51  39.41 0.010653
 47.51  39.51 0.008807
 47.51  39.61 0.007355
 47.51  39.71 0.006371
 47.51  39.81 0.005811
 47.51  39.91 0.005553
 47.51  40.01 0.005443
 47.51  40.11 0.005339
 47.51  40.21 0.005145
 47.51  40.31 0.004830
 47.51  40.41 0.004427
 47.51  40.51 0.004018
 47.51  40.61 0.003708
 47.51  40.71 0.003597
 47.51  40.81 0.003753
 47.51  40.91 0.004200
 47.51  41.01 0.004907
 47.51  41.11 0.005789
 47.51  41.21 0.006717
 47.51  41.31 0.007533
 47.51  41.41 0.008082
 47.51  41.51 0.008241
 47.51  41.61 0.007957
 47.51  41.71 0.007254
 47.51  41.81 0.006233
 47.51  41.91 0.005044
 47.51  42.01 0.003843
 47.51  42.11 0.002763
 47.51  42.21 0.001886
 47.51  42.31 0.001241
 47.51  42.41 0.000811
 47.51  42.51 0.000555
 47.51  42.61 0.000421
 47.51  42.71 0.000363
 47.51  42.81 0.000343
 47.51  42.91 0.000339
 47.51  43.01 0.000340
 47.51  43.11 0.000347
 47.51  43.21 0.000364
 47.51  43.31 0.000398
 47.51  43.41 0.000453
 47.51  43.51 0.000526
 47.51  43.61 0.000605
 47.51  43.71 0.000675
 47.51  43.81 0.000719
 47.51  43.91 0.000726
 47.51  44.01 0.000689
 47.51  44.11 0.000615
 47.51  44.21 0.000514
 47.51  44.31 0.000403
 47.51  44.41 0.000296
 47.51  44.51 0.000205
 47.51  44.61 0.000135
 47.51  44.71 0.000090
 47.51  44.81 0.000073
 47.51  44.91 0.000090
 47.51  45.01 0.000157
 47.51  45.11 0.000302
 47.51  45.21 0.000568
 47.51  45.31 0.001010
 47.51  45.41 0.001687
 47.51  45.51 0.002641
 47.51  45.61 0.003870
 47.51  45.71 0.005309
 47.51  45.81 0.006821
 47.51  45.91 0.008204
 47.51  46.01 0.009240
 47.51  46.11 0.009743
 47.51  46.21 0.009618
 47.51  46.31 0.008891
 47.51  46.41 0.007695
 47.51  46.51 0.006235
 47.61  34.51 0.000001
 47.61  34.61 0.000003
 47.61  34.71 0.000007
 47.61  34.81 0.000015
 47.61  34.91 0.000032
 47.61  35.01 0.000064
 47.61  35.11 0.000120
 47.61  35.21 0.000211
 47.61  35.31 0.000350
 47.61  35.41 0.000549
 47.61  35.51 0.000815
 47.61  35.61 0.001151
 47.61  35.71 0.001558
 47.61  35.81 0.002039
 47.61  35.91 0.002606
 47.61  36.01 0.003282
 47.61  36.11 0.004099
 47.61  36.21 0.005076
 47.61  36.31 0.006199
 47.61  36.41 0.007403
 47.61  36.51 0.008561
 47.61  36.61 0.009512
 47.61  36.71 0.010093
 47.61  36.81 0.010193
 47.61  36.91 0.009788
 47.61  37.01 0.008950
 47.61  37.11 0.007828
 47.61  37.21 0.006604
 47.61  37.31 0.005448
 47.61  37.41 0.004482
 47.61  37.51 0.003761
 47.61  37.61 0.003282
 47.61  37.71 0.003004
 47.61  37.81 0.002878
 47.61  37.91 0.002868
 47.61  38.01 0.002975
 47.61  38.11 0.003236
 47.61  38.21 0.003715
 47.61  38.31 0.004483
 47.61  38.41 0.005577
 47.61  38.51 0.006974
 47.61  38.61 0.008568
 47.61  38.71 0.010168
 47.61  38.81 0.011533
 47.61  38.91 0.012425
 47.61  39.01 0.012677
 47.61  39.11 0.012240
 47.61  39.21 0.011202
 47.61  39.31 0.009766
 47.61  39.41 0.008186
 47.61  39.51 0.006707
 47.61  39.61 0.005504
 47.61  39.71 0.004659
 47.61  39.81 0.004156
 47.61  39.91 0.003915
 47.61  40.01 0.003818
 47.61  40.11 0.003752
 47.61  40.21 0.003633
 47.61  40.31 0.003426
 47.61  40.41 0.003144
 47.61  40.51 0.002843
 47.61  40.61 0.002602
 47.61  40.71 0.002500
 47.61  40.81 0.002604
 47.61  40.91 0.002943
 47.61  41.01 0.003510
 47.61  41.11 0.004249
 47.61  41.21 0.005063
 47.61  41.31 0.005823
 47.61  41.41 0.006393
 47.61  41.51 0.006657
 47.61  41.61 0.006550
 47.61  41.71 0.006075
 47.61  41.81 0.005302
 47.61  41.91 0.004351
 47.61  42.01 0.003356
 47.61  42.11 0.002435
 47.61  42.21 0.001668
 47.61  42.31 0.001086
 47.61  42.41 0.000685
 47.61  42.51 0.000434
 47.61  42.61 0.000293
 47.61  42.71 0.000222
 47.61  42.81 0.000191
 47.61  42.91 0.000180
 47.61  43.01 0.000177
 47.61  43.11 0.000180
 47.61  43.21 0.000189
 47.61  43.31 0.000208
 47.61  43.41 0.000239
 47.61  43.51 0.000279
 47.61  43.61 0.000324
 47.61  43.71 0.000366
 47.61  43.81 0.000394
 47.61  43.91 0.000401
 47.61  44.01 0.000385
 47.61  44.11 0.000347
 47.61  44.21 0.000294
 47.61  44.31 0.000233
 47.61  44.41 0.000173
 47.61  44.51 0.000121
 47.61  44.61 0.000082
 47.61  44.71 0.000057
 47.61  44.81 0.000051
 47.61  44.91 0.000070
 47.61  45.01 0.000128
 47.61  45.11 0.000253
 47.61  45.21 0.000482
 47.61  45.31 0.000869
 47.61  45.41 0.001467
 47.61  45.51 0.002322
 47.61  45.61 0.003440
 47.61  45.71 0.004772
 47.61  45.81 0.006198
 47.61  45.91 0.007538
 47.61  46.01 0.008582
 47.61  46.11 0.009150
 47.61  46.21 0.009133
 47.61  46.31 0.008535
 47.61  46.41 0.007468
 47.61  46.51 0.006119
 47.71  34.61 0.000002
 47.71  34.71 0.000004
 47.71  34.81 0.000008
 47.71  34.91 0.000018
 47.71  35.01 0.000036
 47.71  35.11 0.000069
 47.71  35.21 0.000124
 47.71  35.31 0.000208
 47.71  35.41 0.000331
 47.71  35.51 0.000498
 47.71  35.61 0.000713
 47.71  35.71 0.000979
 47.71  35.81 0.001301
 47.71  35.91 0.001688
 47.71  36.01 0.002160
 47.71  36.11 0.002740
 47.71  36.21 0.003445
 47.71  36.31 0.004266
 47.71  36.41 0.005159
 47.71  36.51 0.006035
 47.71  36.61 0.006774
 47.71  36.71 0.007253
 47.71  36.81 0.007381
 47.71  36.91 0.007128
 47.71  37.01 0.006538
 47.71  37.11 0.005713
 47.71  37.21 0.004789
 47.71  37.31 0.003897
 47.71  37.41 0.003134
 47.71  37.51 0.002552
 47.71  37.61 0.002157
 47.71  37.71 0.001923
 47.71  37.81 0.001812
 47.71  37.91 0.001795
 47.71  38.01 0.001863
 47.71  38.11 0.002037
 47.71  38.21 0.002358
 47.71  38.31 0.002878
 47.71  38.41 0.003632
 47.71  38.51 0.004613
 47.71  38.61 0.005760
 47.71  38.71 0.006945
 47.71  38.81 0.007998
 47.71  38.91 0.008742
 47.71  39.01 0.009038
 47.71  39.11 0.008829
 47.71  39.21 0.008158
 47.71  39.31 0.007155
 47.71  39.41 0.006005
 47.71  39.51 0.004890
 47.71  39.61 0.003954
 47.71  39.71 0.003272
 47.71  39.81 0.002847
 47.71  39.91 0.002631
 47.71  40.01 0.002542
 47.71  40.11 0.002497
 47.71  40.21 0.002428
 47.71  40.31 0.002301
 47.71  40.41 0.002119
 47.71  40.51 0.001915
 47.71  40.61 0.001744
 47.71  40.71 0.001666
 47.71  40.81 0.001733
 47.71  40.91 0.001978
 47.71  41.01 0.002404
 47.71  41.11 0.002978
 47.71  41.21 0.003634
 47.71  41.31 0.004274
 47.71  41.41 0.004790
 47.71  41.51 0.005083
 47.71  41.61 0.005087
 47.71  41.71 0.004793
 47.71  41.81 0.004244
 47.71  41.91 0.003530
 47.71  42.01 0.002757
 47.71  42.11 0.002022
 47.71  42.21 0.001394
 47.71  42.31 0.000908
 47.71  42.41 0.000564
 47.71  42.51 0.000342
 47.71  42.61 0.000211
 47.71  42.71 0.000141
 47.71  42.81 0.000107
 47.71  42.91 0.000093
 47.71  43.01 0.000088
 47.71  43.11 0.000088
 47.71  43.21 0.000092
 47.71  43.31 0.000102
 47.71  43.41 0.000118
 47.71  43.51 0.000139
 47.71  43.61 0.000163
 47.71  43.71 0.000185
 47.71  43.81 0.000202
 47.71  43.91 0.000208
 47.71  44.01 0.000202
 47.71  44.11 0.000184
 47.71  44.21 0.000157
 47.71  44.31 0.000126
 47.71  44.41 0.000095
 47.71  44.51 0.000067
 47.71  44.61 0.000046
 47.71  44.71 0.000034
 47.71  44.81 0.000033
 47.71  44.91 0.000051
 47.71  45.01 0.000099
 47.71  45.11 0.000199
 47.71  45.21 0.000384
 47.71  45.31 0.000700
 47.71  45.41 0.001196
 47.71  45.51 0.001913
 47.71  45.61 0.002865
 47.71  45.71 0.004019
 47.71  45.81 0.005277
 47.71  45.91 0.006489
 47.71  46.01 0.007470
 47.71  46.11 0.008051
 47.71  46.21 0.008125
 47.71  46.31 0.007677
 47.71  46.41 0.006792
 47.71  46.51 0.005626
 47.81  34.71 0.000002
 47.81  34.81 0.000004
 47.81  34.91 0.000010
 47.81  35.01 0.000020
 47.81  35.11 0.000038
 47.81  35.21 0.000068
 47.81  35.31 0.000116
 47.81  35.41 0.000187
 47.81  35.51 0.000286
 47.81  35.61 0.000415
 47.81  35.71 0.000578
 47.81  35.81 0.000779
 47.81  35.91 0.001027
 47.81  36.01 0.001335
 47.81  36.11 0.001720
 47.81  36.21 0.002194
 47.81  36.31 0.002756
 47.81  36.41 0.003376
 47.81  36.51 0.003995
 47.81  36.61 0.004532
 47.81  36.71 0.004898
 47.81  36.81 0.005027
 47.81  36.91 0.004890
 47.81  37.01 0.004508
 47.81  37.11 0.003948
 47.81  37.21 0.003301
 47.81  37.31 0.002662
 47.81  37.41 0.002104
 47.81  37.51 0.001669
 47.81  37.61 0.001366
 47.81  37.71 0.001181
 47.81  37.81 0.001088
 47.81  37.91 0.001066
 47.81  38.01 0.001104
 47.81  38.11 0.001211
 47.81  38.21 0.001415
 47.81  38.31 0.001748
 47.81  38.41 0.002238
 47.81  38.51 0.002888
 47.81  38.61 0.003665
 47.81  38.71 0.004490
 47.81  38.81 0.005250
 47.81  38.91 0.005822
 47.81  39.01 0.006100
 47.81  39.11 0.006031
 47.81  39.21 0.005630
 47.81  39.31 0.004976
 47.81  39.41 0.004190
 47.81  39.51 0.003402
 47.81  39.61 0.002718
 47.81  39.71 0.002202
 47.81  39.81 0.001867
 47.81  39.91 0.001685
 47.81  40.01 0.001606
 47.81  40.11 0.001571
 47.81  40.21 0.001532
 47.81  40.31 0.001460
 47.81  40.41 0.001351
 47.81  40.51 0.001224
 47.81  40.61 0.001113
 47.81  40.71 0.001059
 47.81  40.81 0.001103
 47.81  40.91 0.001270
 47.81  41.01 0.001570
 47.81  41.11 0.001986
 47.81  41.21 0.002475
 47.81  41.31 0.002970
 47.81  41.41 0.003391
 47.81  41.51 0.003660
 47.81  41.61 0.003721
 47.81  41.71 0.003557
 47.81  41.81 0.003194
 47.81  41.91 0.002691
 47.81  42.01 0.002127
 47.81  42.11 0.001577
 47.81  42.21 0.001098
 47.81  42.31 0.000719
 47.81  42.41 0.000445
 47.81  42.51 0.000264
 47.81  42.61 0.000154
 47.81  42.71 0.000093
 47.81  42.81 0.000062
 47.81  42.91 0.000048
 47.81  43.01 0.000042
 47.81  43.11 0.000041
 47.81  43.21 0.000042
 47.81  43.31 0.000047
 47.81  43.41 0.000054
 47.81  43.51 0.000065
 47.81  43.61 0.000077
 47.81  43.71 0.000088
 47.81  43.81 0.000097
 47.81  43.91 0.000101
 47.81  44.01 0.000099
 47.81  44.11 0.000091
 47.81  44.21 0.000079
 47.81  44.31 0.000064
 47.81  44.41 0.000049
 47.81  44.51 0.000035
 47.81  44.61 0.000025
 47.81  44.71 0.000019
 47.81  44.81 0.000021
 47.81  44.91 0.000035
 47.81  45.01 0.000071
 47.81  45.11 0.000146
 47.81  45.21 0.000287
 47.81  45.31 0.000529
 47.81  45.41 0.000913
 47.81  45.51 0.001476
 47.81  45.61 0.002236
 47.81  45.71 0.003171
 47.81  45.81 0.004210
 47.81  45.91 0.005234
 47.81  46.01 0.006091
 47.81  46.11 0.006638
 47.81  46.21 0.006773
 47.81  46.31 0.006470
 47.81  46.41 0.005787
 47.81  46.51 0.004847
 47.91  34.81 0.000002
 47.91  34.91 0.000005
 47.91  35.01 0.000010
 47.91  35.11 0.000019
 47.91  35.21 0.000035
 47.91  35.31 0.000061
 47.91  35.41 0.000100
 47.91  35.51 0.000154
 47.91  35.61 0.000227
 47.91  35.71 0.000320
 47.91  35.81 0.000438
 47.91  35.91 0.000586
 47.91  36.01 0.000774
 47.91  36.11 0.001013
 47.91  36.21 0.001312
 47.91  36.31 0.001670
 47.91  36.41 0.002072
 47.91  36.51 0.002482
 47.91  36.61 0.002846
 47.91  36.71 0.003107
 47.91  36.81 0.003217
 47.91  36.91 0.003155
 47.91  37.01 0.002927
 47.91  37.11 0.002575
 47.91  37.21 0.002155
 47.91  37.31 0.001730
 47.91  37.41 0.001350
 47.91  37.51 0.001047
 47.91  37.61 0.000831
 47.91  37.71 0.000695
 47.91  37.81 0.000623
 47.91  37.91 0.000600
 47.91  38.01 0.000618
 47.91  38.11 0.000680
 47.91  38.21 0.000801
 47.91  38.31 0.001002
 47.91  38.41 0.001303
 47.91  38.51 0.001709
 47.91  38.61 0.002204
 47.91  38.71 0.002743
 47.91  38.81 0.003257
 47.91  38.91 0.003663
 47.91  39.01 0.003889
 47.91  39.11 0.003893
 47.91  39.21 0.003673
 47.91  39.31 0.003275
 47.91  39.41 0.002772
 47.91  39.51 0.002249
 47.91  39.61 0.001782
 47.91  39.71 0.001417
 47.91  39.81 0.001170
 47.91  39.91 0.001029
 47.91  40.01 0.000963
 47.91  40.11 0.000935
 47.91  40.21 0.000912
 47.91  40.31 0.000873
 47.91  40.41 0.000813
 47.91  40.51 0.000739
 47.91  40.61 0.000673
 47.91  40.71 0.000640
 47.91  40.81 0.000667
 47.91  40.91 0.000776
 47.91  41.01 0.000974
 47.91  41.11 0.001256
 47.91  41.21 0.001595
 47.91  41.31 0.001950
 47.91  41.41 0.002264
 47.91  41.51 0.002482
 47.91  41.61 0.002560
 47.91  41.71 0.002481
 47.91  41.81 0.002257
 47.91  41.91 0.001926
 47.91  42.01 0.001540
 47.91  42.11 0.001155
 47.91  42.21 0.000812
 47.91  42.31 0.000536
 47.91  42.41 0.000333
 47.91  42.51 0.000196
 47.91  42.61 0.000111
 47.91  42.71 0.000063
 47.91  42.81 0.000037
 47.91  42.91 0.000025
 47.91  43.01 0.000020
 47.91  43.11 0.000018
 47.91  43.21 0.000018
 47.91  43.31 0.000020
 47.91  43.41 0.000024
 47.91  43.51 0.000028
 47.91  43.61 0.000034
 47.91  43.71 0.000039
 47.91  43.81 0.000044
 47.91  43.91 0.000046
 47.91  44.01 0.000046
 47.91  44.11 0.000042
 47.91  44.21 0.000037
 47.91  44.31 0.000030
 47.91  44.41 0.000023
 47.91  44.51 0.000017
 47.91  44.61 0.000012
 47.91  44.71 0.000010
 47.91  44.81 0.000013
 47.91  44.91 0.000023
 47.91  45.01 0.000048
 47.91  45.11 0.000101
 47.91  45.21 0.000201
 47.91  45.31 0.000374
 47.91  45.41 0.000653
 47.91  45.51 0.001068
 47.91  45.61 0.001635
 47.91  45.71 0.002344
 47.91  45.81 0.003147
 47.91  45.91 0.003955
 47.91  46.01 0.004654
 47.91  46.11 0.005128
 47.91  46.21 0.005290
 47.91  46.31 0.005109
 47.91  46.41 0.004621
 47.91  46.51 0.003912
 48.01  34.91 0.000002
 48.01  35.01 0.000005
 48.01  35.11 0.000009
 48.01  35.21 0.000017
 48.01  35.31 0.000030
 48.01  35.41 0.000050
 48.01  35.51 0.000078
 48.01  35.61 0.000116
 48.01  35.71 0.000166
 48.01  35.81 0.000231
 48.01  35.91 0.000314
 48.01  36.01 0.000421
 48.01  36.11 0.000559
 48.01  36.21 0.000736
 48.01  36.31 0.000950
 48.01  36.41 0.001194
 48.01  36.51 0.001446
 48.01  36.61 0.001677
 48.01  36.71 0.001850
 48.01  36.81 0.001934
 48.01  36.91 0.001913
 48.01  37.01 0.001788
 48.01  37.11 0.001582
 48.01  37.21 0.001328
 48.01  37.31 0.001065
 48.01  37.41 0.000825
 48.01  37.51 0.000629
 48.01  37.61 0.000486
 48.01  37.71 0.000393
 48.01  37.81 0.000341
 48.01  37.91 0.000321
 48.01  38.01 0.000328
 48.01  38.11 0.000361
 48.01  38.21 0.000428
 48.01  38.31 0.000543
 48.01  38.41 0.000716
 48.01  38.51 0.000955
 48.01  38.61 0.001252
 48.01  38.71 0.001582
 48.01  38.81 0.001906
 48.01  38.91 0.002174
 48.01  39.01 0.002339
 48.01  39.11 0.002371
 48.01  39.21 0.002262
 48.01  39.31 0.002036
 48.01  39.41 0.001734
 48.01  39.51 0.001410
 48.01  39.61 0.001111
 48.01  39.71 0.000870
 48.01  39.81 0.000701
 48.01  39.91 0.000599
 48.01  40.01 0.000548
 48.01  40.11 0.000526
 48.01  40.21 0.000512
 48.01  40.31 0.000492
 48.01  40.41 0.000460
 48.01  40.51 0.000421
 48.01  40.61 0.000384
 48.01  40.71 0.000366
 48.01  40.81 0.000383
 48.01  40.91 0.000450
 48.01  41.01 0.000573
 48.01  41.11 0.000751
 48.01  41.21 0.000971
 48.01  41.31 0.001207
 48.01  41.41 0.001423
 48.01  41.51 0.001582
 48.01  41.61 0.001655
 48.01  41.71 0.001625
 48.01  41.81 0.001497
 48.01  41.91 0.001293
 48.01  42.01 0.001046
 48.01  42.11 0.000794
 48.01  42.21 0.000564
 48.01  42.31 0.000376
 48.01  42.41 0.000235
 48.01  42.51 0.000139
 48.01  42.61 0.000078
 48.01  42.71 0.000042
 48.01  42.81 0.000023
 48.01  42.91 0.000014
 48.01  43.01 0.000009
 48.01  43.11 0.000008
 48.01  43.21 0.000008
 48.01  43.31 0.000008
 48.01  43.41 0.000010
 48.01  43.51 0.000012
 48.01  43.61 0.000014
 48.01  43.71 0.000016
 48.01  43.81 0.000018
 48.01  43.91 0.000020
 48.01  44.01 0.000020
 48.01  44.11 0.000018
 48.01  44.21 0.000016
 48.01  44.31 0.000014
 48.01  44.41 0.000011
 48.01  44.51 0.000008
 48.01  44.61 0.000006
 48.01  44.71 0.000005
 48.01  44.81 0.000007
 48.01  44.91 0.000014
 48.01  45.01 0.000031
 48.01  45.11 0.000065
 48.01  45.21 0.000132
 48.01  45.31 0.000248
 48.01  45.41 0.000438
 48.01  45.51 0.000724
 48.01  45.61 0.001120
 48.01  45.71 0.001624
 48.01  45.81 0.002204
 48.01  45.91 0.002801
 48.01  46.01 0.003332
 48.01  46.11 0.003712
 48.01  46.21 0.003871
 48.01  46.31 0.003780
 48.01  46.41 0.003456
 48.01  46.51 0.002959
